cost_entry_id,payroll_run_id,employee_id,person_id,consultant_engagement_id,employee_snapshot_id,employment_relationship_id,cost_company_id,internal_affiliation_id,cost_period,payroll_period,contribution_period,cost_type,amount,source_record_type,source_record_id
COST_202604_00001,PAYROLL_202604,EMP001,PER001,,ESNAP_202604_EMP001,EREL_202604_EMP001,COMP_SCNY,,2026-04,2026-04,,扣除前应发工资,10000.0,202604月成本汇总,ROW2
COST_202604_00002,PAYROLL_202604,EMP001,PER001,,ESNAP_202604_EMP001,EREL_202604_EMP001,COMP_SCNY,,2026-04,2026-04,,个税,600.0,202604月成本汇总,ROW2
COST_202604_00003,PAYROLL_202604,EMP001,PER001,,ESNAP_202604_EMP001,EREL_202604_EMP001,COMP_SCNY,,2026-04,2026-04,,其他费用,10000.0,202604月成本汇总,ROW2
COST_202604_00004,PAYROLL_202604,EMP002,PER002,,ESNAP_202604_EMP002,EREL_202604_EMP002,COMP_SCNY,,2026-04,2026-04,,扣除前应发工资,10000.0,202604月成本汇总,ROW3
COST_202604_00005,PAYROLL_202604,EMP002,PER002,,ESNAP_202604_EMP002,EREL_202604_EMP002,COMP_SCNY,,2026-04,2026-04,,个税,600.0,202604月成本汇总,ROW3
COST_202604_00006,PAYROLL_202604,EMP003,PER003,,ESNAP_202604_EMP003,EREL_202604_EMP003,COMP_SCNY,,2026-04,2026-04,,扣除前应发工资,10000.0,202604月成本汇总,ROW4
COST_202604_00007,PAYROLL_202604,EMP003,PER003,,ESNAP_202604_EMP003,EREL_202604_EMP003,COMP_SCNY,,2026-04,2026-04,,个税,600.0,202604月成本汇总,ROW4
COST_202604_00008,PAYROLL_202604,EMP004,PER004,,ESNAP_202604_EMP004,EREL_202604_EMP004,COMP_SCNY,,2026-04,2026-04,,扣除前应发工资,10000.0,202604月成本汇总,ROW5
COST_202604_00009,PAYROLL_202604,EMP004,PER004,,ESNAP_202604_EMP004,EREL_202604_EMP004,COMP_SCNY,,2026-04,2026-04,,个税,600.0,202604月成本汇总,ROW5
COST_202604_00010,PAYROLL_202604,EMP005,PER005,,ESNAP_202604_EMP005,EREL_202604_EMP005,COMP_SCNY,,2026-04,2026-04,,扣除前应发工资,10000.0,202604月成本汇总,ROW6
COST_202604_00011,PAYROLL_202604,EMP005,PER005,,ESNAP_202604_EMP005,EREL_202604_EMP005,COMP_SCNY,,2026-04,2026-04,,个税,600.0,202604月成本汇总,ROW6
COST_202604_00012,PAYROLL_202604,EMP006,PER006,,ESNAP_202604_EMP006,EREL_202604_EMP006,COMP_SCNY,,2026-04,2026-04,,扣除前应发工资,10000.0,202604月成本汇总,ROW7
COST_202604_00013,PAYROLL_202604,EMP006,PER006,,ESNAP_202604_EMP006,EREL_202604_EMP006,COMP_SCNY,,2026-04,2026-04,,个税,600.0,202604月成本汇总,ROW7
COST_202604_00014,PAYROLL_202604,EMP007,PER007,,ESNAP_202604_EMP007,EREL_202604_EMP007,COMP_SCNY,,2026-04,2026-04,,扣除前应发工资,10000.0,202604月成本汇总,ROW8
COST_202604_00015,PAYROLL_202604,EMP007,PER007,,ESNAP_202604_EMP007,EREL_202604_EMP007,COMP_SCNY,,2026-04,2026-04,,个税,600.0,202604月成本汇总,ROW8
COST_202604_00016,PAYROLL_202604,EMP008,PER008,,ESNAP_202604_EMP008,EREL_202604_EMP008,COMP_SCNY,,2026-04,2026-04,,扣除前应发工资,10000.0,202604月成本汇总,ROW9
COST_202604_00017,PAYROLL_202604,EMP008,PER008,,ESNAP_202604_EMP008,EREL_202604_EMP008,COMP_SCNY,,2026-04,2026-04,,个税,600.0,202604月成本汇总,ROW9
COST_202604_00018,PAYROLL_202604,EMP009,PER009,,ESNAP_202604_EMP009,EREL_202604_EMP009,COMP_SCNY,,2026-04,2026-04,,扣除前应发工资,10000.0,202604月成本汇总,ROW10
COST_202604_00019,PAYROLL_202604,EMP009,PER009,,ESNAP_202604_EMP009,EREL_202604_EMP009,COMP_SCNY,,2026-04,2026-04,,个税,600.0,202604月成本汇总,ROW10
COST_202604_00020,PAYROLL_202604,EMP010,PER010,,ESNAP_202604_EMP010,EREL_202604_EMP010,COMP_SCNY,,2026-04,2026-04,,扣除前应发工资,10000.0,202604月成本汇总,ROW11
COST_202604_00021,PAYROLL_202604,EMP010,PER010,,ESNAP_202604_EMP010,EREL_202604_EMP010,COMP_SCNY,,2026-04,2026-04,,个税,600.0,202604月成本汇总,ROW11
COST_202604_00022,PAYROLL_202604,EMP011,PER011,,ESNAP_202604_EMP011,EREL_202604_EMP011,COMP_SCNY,,2026-04,2026-04,,扣除前应发工资,10000.0,202604月成本汇总,ROW12
COST_202604_00023,PAYROLL_202604,EMP011,PER011,,ESNAP_202604_EMP011,EREL_202604_EMP011,COMP_SCNY,,2026-04,2026-04,,个税,600.0,202604月成本汇总,ROW12
COST_202604_00024,PAYROLL_202604,EMP012,PER012,,ESNAP_202604_EMP012,EREL_202604_EMP012,COMP_SCNY,,2026-04,2026-04,,扣除前应发工资,10000.0,202604月成本汇总,ROW13
COST_202604_00025,PAYROLL_202604,EMP012,PER012,,ESNAP_202604_EMP012,EREL_202604_EMP012,COMP_SCNY,,2026-04,2026-04,,个税,450.0,202604月成本汇总,ROW13
COST_202604_00026,PAYROLL_202604,EMP013,PER013,,ESNAP_202604_EMP013,EREL_202604_EMP013,COMP_SCNY,,2026-04,2026-04,,扣除前应发工资,10000.0,202604月成本汇总,ROW14
COST_202604_00027,PAYROLL_202604,EMP013,PER013,,ESNAP_202604_EMP013,EREL_202604_EMP013,COMP_SCNY,,2026-04,2026-04,,个税,600.0,202604月成本汇总,ROW14
COST_202604_00028,PAYROLL_202604,EMP001,PER001,,ESNAP_202604_EMP001,EREL_202604_EMP001,COMP_SCNY,,2026-04,2026-04,,扣除前应发工资,10000.0,202604月成本汇总,ROW15
COST_202604_00029,PAYROLL_202604,EMP001,PER001,,ESNAP_202604_EMP001,EREL_202604_EMP001,COMP_SCNY,,2026-04,2026-04,,个税,600.0,202604月成本汇总,ROW15
COST_202604_00030,PAYROLL_202604,EMP002,PER002,,ESNAP_202604_EMP002,EREL_202604_EMP002,COMP_SCNY,,2026-04,2026-04,,扣除前应发工资,10000.0,202604月成本汇总,ROW16
COST_202604_00031,PAYROLL_202604,EMP002,PER002,,ESNAP_202604_EMP002,EREL_202604_EMP002,COMP_SCNY,,2026-04,2026-04,,个税,600.0,202604月成本汇总,ROW16
COST_202604_00032,PAYROLL_202604,EMP003,PER003,,ESNAP_202604_EMP003,EREL_202604_EMP003,COMP_SCNY,,2026-04,2026-04,,扣除前应发工资,10000.0,202604月成本汇总,ROW17
COST_202604_00033,PAYROLL_202604,EMP003,PER003,,ESNAP_202604_EMP003,EREL_202604_EMP003,COMP_SCNY,,2026-04,2026-04,,个税,600.0,202604月成本汇总,ROW17
COST_202604_00034,PAYROLL_202604,EMP004,PER004,,ESNAP_202604_EMP004,EREL_202604_EMP004,COMP_SCNY,,2026-04,2026-04,,扣除前应发工资,10000.0,202604月成本汇总,ROW18
COST_202604_00035,PAYROLL_202604,EMP004,PER004,,ESNAP_202604_EMP004,EREL_202604_EMP004,COMP_SCNY,,2026-04,2026-04,,个税,600.0,202604月成本汇总,ROW18
COST_202604_00036,PAYROLL_202604,EMP005,PER005,,ESNAP_202604_EMP005,EREL_202604_EMP005,COMP_SCNY,,2026-04,2026-04,,扣除前应发工资,10000.0,202604月成本汇总,ROW19
COST_202604_00037,PAYROLL_202604,EMP005,PER005,,ESNAP_202604_EMP005,EREL_202604_EMP005,COMP_SCNY,,2026-04,2026-04,,个税,600.0,202604月成本汇总,ROW19
COST_202604_00038,PAYROLL_202604,EMP006,PER006,,ESNAP_202604_EMP006,EREL_202604_EMP006,COMP_SCNY,,2026-04,2026-04,,扣除前应发工资,10000.0,202604月成本汇总,ROW20
COST_202604_00039,PAYROLL_202604,EMP006,PER006,,ESNAP_202604_EMP006,EREL_202604_EMP006,COMP_SCNY,,2026-04,2026-04,,个税,600.0,202604月成本汇总,ROW20
COST_202604_00040,PAYROLL_202604,EMP007,PER007,,ESNAP_202604_EMP007,EREL_202604_EMP007,COMP_SCNY,,2026-04,2026-04,,扣除前应发工资,10000.0,202604月成本汇总,ROW21
COST_202604_00041,PAYROLL_202604,EMP007,PER007,,ESNAP_202604_EMP007,EREL_202604_EMP007,COMP_SCNY,,2026-04,2026-04,,个税,600.0,202604月成本汇总,ROW21
COST_202604_00042,PAYROLL_202604,EMP008,PER008,,ESNAP_202604_EMP008,EREL_202604_EMP008,COMP_SCNY,,2026-04,2026-04,,扣除前应发工资,10000.0,202604月成本汇总,ROW22
COST_202604_00043,PAYROLL_202604,EMP008,PER008,,ESNAP_202604_EMP008,EREL_202604_EMP008,COMP_SCNY,,2026-04,2026-04,,个税,600.0,202604月成本汇总,ROW22
COST_202604_00044,PAYROLL_202604,EMP009,PER009,,ESNAP_202604_EMP009,EREL_202604_EMP009,COMP_SCNY,,2026-04,2026-04,,扣除前应发工资,10000.0,202604月成本汇总,ROW23
COST_202604_00045,PAYROLL_202604,EMP009,PER009,,ESNAP_202604_EMP009,EREL_202604_EMP009,COMP_SCNY,,2026-04,2026-04,,个税,600.0,202604月成本汇总,ROW23
COST_202604_00046,PAYROLL_202604,EMP010,PER010,,ESNAP_202604_EMP010,EREL_202604_EMP010,COMP_SCNY,,2026-04,2026-04,,扣除前应发工资,10000.0,202604月成本汇总,ROW24
COST_202604_00047,PAYROLL_202604,EMP010,PER010,,ESNAP_202604_EMP010,EREL_202604_EMP010,COMP_SCNY,,2026-04,2026-04,,个税,600.0,202604月成本汇总,ROW24
COST_202604_00048,PAYROLL_202604,EMP011,PER011,,ESNAP_202604_EMP011,EREL_202604_EMP011,COMP_SCNY,,2026-04,2026-04,,扣除前应发工资,10000.0,202604月成本汇总,ROW25
COST_202604_00049,PAYROLL_202604,EMP011,PER011,,ESNAP_202604_EMP011,EREL_202604_EMP011,COMP_SCNY,,2026-04,2026-04,,个税,600.0,202604月成本汇总,ROW25
COST_202604_00050,PAYROLL_202604,EMP012,PER012,,ESNAP_202604_EMP012,EREL_202604_EMP012,COMP_SCNY,,2026-04,2026-04,,扣除前应发工资,10000.0,202604月成本汇总,ROW26
COST_202604_00051,PAYROLL_202604,EMP012,PER012,,ESNAP_202604_EMP012,EREL_202604_EMP012,COMP_SCNY,,2026-04,2026-04,,个税,450.0,202604月成本汇总,ROW26
COST_202604_00052,PAYROLL_202604,EMP013,PER013,,ESNAP_202604_EMP013,EREL_202604_EMP013,COMP_SCNY,,2026-04,2026-04,,扣除前应发工资,10000.0,202604月成本汇总,ROW27
COST_202604_00053,PAYROLL_202604,EMP013,PER013,,ESNAP_202604_EMP013,EREL_202604_EMP013,COMP_SCNY,,2026-04,2026-04,,个税,600.0,202604月成本汇总,ROW27
COST_202604_00054,PAYROLL_202604,EMP027,PER027,,ESNAP_202604_EMP027,EREL_202604_EMP027,COMP_SCNY,,2026-04,2026-04,,扣除前应发工资,10000.0,202604月成本汇总,ROW28
COST_202604_00055,PAYROLL_202604,EMP027,PER027,,ESNAP_202604_EMP027,EREL_202604_EMP027,COMP_SCNY,,2026-04,2026-04,,个税,300.0,202604月成本汇总,ROW28
COST_202604_00056,PAYROLL_202604,EMP028,PER028,,ESNAP_202604_EMP028,EREL_202604_EMP028,COMP_SCNY,,2026-04,2026-04,,扣除前应发工资,9678.16,202604月成本汇总,ROW29
COST_202604_00057,PAYROLL_202604,EMP028,PER028,,ESNAP_202604_EMP028,EREL_202604_EMP028,COMP_SCNY,,2026-04,2026-04,,个税,290.34,202604月成本汇总,ROW29
COST_202604_00058,PAYROLL_202604,EMP029,PER029,,ESNAP_202604_EMP029,EREL_202604_EMP029,COMP_NDSC,,2026-04,2026-04,,扣除前应发工资,10000.0,202604月成本汇总,ROW30
COST_202604_00059,PAYROLL_202604,EMP029,PER029,,ESNAP_202604_EMP029,EREL_202604_EMP029,COMP_NDSC,,2026-04,2026-04,,个税,300.0,202604月成本汇总,ROW30
COST_202604_00060,PAYROLL_202604,EMP030,PER030,,ESNAP_202604_EMP030,EREL_202604_EMP030,COMP_JS,,2026-04,2026-04,,扣除前应发工资,10000.0,202604月成本汇总,ROW31
COST_202604_00061,PAYROLL_202604,EMP031,PER031,,ESNAP_202604_EMP031,EREL_202604_EMP031,COMP_NDSC,,2026-04,2026-04,,扣除前应发工资,10000.0,202604月成本汇总,ROW32
COST_202604_00062,PAYROLL_202604,EMP031,PER031,,ESNAP_202604_EMP031,EREL_202604_EMP031,COMP_NDSC,,2026-04,2026-04,,个税,300.0,202604月成本汇总,ROW32
COST_202604_00063,PAYROLL_202604,EMP032,PER032,,ESNAP_202604_EMP032,EREL_202604_EMP032,COMP_NDSC,,2026-04,2026-04,,扣除前应发工资,10000.0,202604月成本汇总,ROW33
COST_202604_00064,PAYROLL_202604,EMP032,PER032,,ESNAP_202604_EMP032,EREL_202604_EMP032,COMP_NDSC,,2026-04,2026-04,,个税,300.0,202604月成本汇总,ROW33
COST_202604_00065,PAYROLL_202604,EMP033,PER033,,ESNAP_202604_EMP033,EREL_202604_EMP033,COMP_NDSC,,2026-04,2026-04,,扣除前应发工资,10000.0,202604月成本汇总,ROW34
COST_202604_00066,PAYROLL_202604,EMP033,PER033,,ESNAP_202604_EMP033,EREL_202604_EMP033,COMP_NDSC,,2026-04,2026-04,,个税,300.0,202604月成本汇总,ROW34
COST_202604_00067,PAYROLL_202604,EMP034,PER034,,ESNAP_202604_EMP034,EREL_202604_EMP034,COMP_SCNY,,2026-04,2026-04,,扣除前应发工资,10000.0,202604月成本汇总,ROW35
COST_202604_00068,PAYROLL_202604,EMP034,PER034,,ESNAP_202604_EMP034,EREL_202604_EMP034,COMP_SCNY,,2026-04,2026-04,,个税,300.0,202604月成本汇总,ROW35
COST_202604_00069,PAYROLL_202604,EMP035,PER035,,ESNAP_202604_EMP035,EREL_202604_EMP035,COMP_NDSC,,2026-04,2026-04,,扣除前应发工资,10000.0,202604月成本汇总,ROW36
COST_202604_00070,PAYROLL_202604,EMP035,PER035,,ESNAP_202604_EMP035,EREL_202604_EMP035,COMP_NDSC,,2026-04,2026-04,,个税,300.0,202604月成本汇总,ROW36
COST_202604_00071,PAYROLL_202604,EMP036,PER036,,ESNAP_202604_EMP036,EREL_202604_EMP036,COMP_NDSC,,2026-04,2026-04,,扣除前应发工资,10000.0,202604月成本汇总,ROW37
COST_202604_00072,PAYROLL_202604,EMP036,PER036,,ESNAP_202604_EMP036,EREL_202604_EMP036,COMP_NDSC,,2026-04,2026-04,,个税,300.0,202604月成本汇总,ROW37
COST_202604_00073,PAYROLL_202604,EMP037,PER037,,ESNAP_202604_EMP037,EREL_202604_EMP037,COMP_NDSC,,2026-04,2026-04,,扣除前应发工资,10000.0,202604月成本汇总,ROW38
COST_202604_00074,PAYROLL_202604,EMP037,PER037,,ESNAP_202604_EMP037,EREL_202604_EMP037,COMP_NDSC,,2026-04,2026-04,,个税,300.0,202604月成本汇总,ROW38
COST_202604_00075,PAYROLL_202604,EMP038,PER038,,ESNAP_202604_EMP038,EREL_202604_EMP038,COMP_NDSC,,2026-04,2026-04,,扣除前应发工资,10600.0,202604月成本汇总,ROW39
COST_202604_00076,PAYROLL_202604,EMP038,PER038,,ESNAP_202604_EMP038,EREL_202604_EMP038,COMP_NDSC,,2026-04,2026-04,,个税,318.0,202604月成本汇总,ROW39
COST_202604_00077,PAYROLL_202604,EMP039,PER039,,ESNAP_202604_EMP039,EREL_202604_EMP039,COMP_NDSC,,2026-04,2026-04,,扣除前应发工资,10000.0,202604月成本汇总,ROW40
COST_202604_00078,PAYROLL_202604,EMP039,PER039,,ESNAP_202604_EMP039,EREL_202604_EMP039,COMP_NDSC,,2026-04,2026-04,,个税,300.0,202604月成本汇总,ROW40
COST_202604_00079,PAYROLL_202604,EMP040,PER040,,ESNAP_202604_EMP040,EREL_202604_EMP040,COMP_NDSC,,2026-04,2026-04,,扣除前应发工资,10000.0,202604月成本汇总,ROW41
COST_202604_00080,PAYROLL_202604,EMP040,PER040,,ESNAP_202604_EMP040,EREL_202604_EMP040,COMP_NDSC,,2026-04,2026-04,,个税,300.0,202604月成本汇总,ROW41
COST_202604_00081,PAYROLL_202604,EMP041,PER041,,ESNAP_202604_EMP041,EREL_202604_EMP041,COMP_JS,,2026-04,2026-04,,扣除前应发工资,10000.0,202604月成本汇总,ROW42
COST_202604_00082,PAYROLL_202604,EMP042,PER042,,ESNAP_202604_EMP042,EREL_202604_EMP042,COMP_NDSC,,2026-04,2026-04,,扣除前应发工资,10000.0,202604月成本汇总,ROW43
COST_202604_00083,PAYROLL_202604,EMP042,PER042,,ESNAP_202604_EMP042,EREL_202604_EMP042,COMP_NDSC,,2026-04,2026-04,,个税,300.0,202604月成本汇总,ROW43
COST_202604_00084,PAYROLL_202604,EMP043,PER043,,ESNAP_202604_EMP043,EREL_202604_EMP043,COMP_NDSC,,2026-04,2026-04,,扣除前应发工资,10000.0,202604月成本汇总,ROW44
COST_202604_00085,PAYROLL_202604,EMP043,PER043,,ESNAP_202604_EMP043,EREL_202604_EMP043,COMP_NDSC,,2026-04,2026-04,,个税,300.0,202604月成本汇总,ROW44
COST_202604_00086,PAYROLL_202604,EMP044,PER044,,ESNAP_202604_EMP044,EREL_202604_EMP044,COMP_NDSC,,2026-04,2026-04,,扣除前应发工资,10000.0,202604月成本汇总,ROW45
COST_202604_00087,PAYROLL_202604,EMP044,PER044,,ESNAP_202604_EMP044,EREL_202604_EMP044,COMP_NDSC,,2026-04,2026-04,,个税,300.0,202604月成本汇总,ROW45
COST_202604_00088,PAYROLL_202604,EMP045,PER045,,ESNAP_202604_EMP045,EREL_202604_EMP045,COMP_NDSC,,2026-04,2026-04,,扣除前应发工资,10000.0,202604月成本汇总,ROW46
COST_202604_00089,PAYROLL_202604,EMP045,PER045,,ESNAP_202604_EMP045,EREL_202604_EMP045,COMP_NDSC,,2026-04,2026-04,,个税,300.0,202604月成本汇总,ROW46
COST_202604_00090,PAYROLL_202604,EMP046,PER046,,ESNAP_202604_EMP046,EREL_202604_EMP046,COMP_NDSC,,2026-04,2026-04,,扣除前应发工资,10600.0,202604月成本汇总,ROW47
COST_202604_00091,PAYROLL_202604,EMP046,PER046,,ESNAP_202604_EMP046,EREL_202604_EMP046,COMP_NDSC,,2026-04,2026-04,,个税,318.0,202604月成本汇总,ROW47
COST_202604_00092,PAYROLL_202604,EMP047,PER047,,ESNAP_202604_EMP047,EREL_202604_EMP047,COMP_NDSC,,2026-04,2026-04,,扣除前应发工资,10600.0,202604月成本汇总,ROW48
COST_202604_00093,PAYROLL_202604,EMP047,PER047,,ESNAP_202604_EMP047,EREL_202604_EMP047,COMP_NDSC,,2026-04,2026-04,,个税,318.0,202604月成本汇总,ROW48
COST_202604_00094,PAYROLL_202604,EMP048,PER048,,ESNAP_202604_EMP048,EREL_202604_EMP048,COMP_NDSC,,2026-04,2026-04,,扣除前应发工资,10000.0,202604月成本汇总,ROW49
COST_202604_00095,PAYROLL_202604,EMP048,PER048,,ESNAP_202604_EMP048,EREL_202604_EMP048,COMP_NDSC,,2026-04,2026-04,,个税,300.0,202604月成本汇总,ROW49
COST_202604_00096,PAYROLL_202604,EMP049,PER049,,ESNAP_202604_EMP049,EREL_202604_EMP049,COMP_NDSC,,2026-04,2026-04,,扣除前应发工资,10000.0,202604月成本汇总,ROW50
COST_202604_00097,PAYROLL_202604,EMP049,PER049,,ESNAP_202604_EMP049,EREL_202604_EMP049,COMP_NDSC,,2026-04,2026-04,,个税,300.0,202604月成本汇总,ROW50
COST_202604_00098,PAYROLL_202604,EMP050,PER050,,ESNAP_202604_EMP050,EREL_202604_EMP050,COMP_NDSC,,2026-04,2026-04,,扣除前应发工资,10000.0,202604月成本汇总,ROW51
COST_202604_00099,PAYROLL_202604,EMP050,PER050,,ESNAP_202604_EMP050,EREL_202604_EMP050,COMP_NDSC,,2026-04,2026-04,,个税,300.0,202604月成本汇总,ROW51
COST_202604_00100,PAYROLL_202604,EMP051,PER051,,ESNAP_202604_EMP051,EREL_202604_EMP051,COMP_NDSC,,2026-04,2026-04,,扣除前应发工资,7720.0,202604月成本汇总,ROW52
COST_202604_00101,PAYROLL_202604,EMP051,PER051,,ESNAP_202604_EMP051,EREL_202604_EMP051,COMP_NDSC,,2026-04,2026-04,,个税,231.6,202604月成本汇总,ROW52
COST_202604_00102,PAYROLL_202604,EMP052,PER052,,ESNAP_202604_EMP052,EREL_202604_EMP052,COMP_SCNY,,2026-04,2026-04,,扣除前应发工资,8500.0,202604月成本汇总,ROW53
COST_202604_00103,PAYROLL_202604,EMP052,PER052,,ESNAP_202604_EMP052,EREL_202604_EMP052,COMP_SCNY,,2026-04,2026-04,,个税,255.0,202604月成本汇总,ROW53
COST_202604_00104,PAYROLL_202604,EMP053,PER053,,ESNAP_202604_EMP053,EREL_202604_EMP053,COMP_SCNY,,2026-04,2026-04,,扣除前应发工资,10000.0,202604月成本汇总,ROW54
COST_202604_00105,PAYROLL_202604,EMP053,PER053,,ESNAP_202604_EMP053,EREL_202604_EMP053,COMP_SCNY,,2026-04,2026-04,,个税,300.0,202604月成本汇总,ROW54
COST_202604_00106,PAYROLL_202604,EMP054,PER054,,ESNAP_202604_EMP054,EREL_202604_EMP054,COMP_NDSC,,2026-04,2026-04,,扣除前应发工资,10000.0,202604月成本汇总,ROW55
COST_202604_00107,PAYROLL_202604,EMP054,PER054,,ESNAP_202604_EMP054,EREL_202604_EMP054,COMP_NDSC,,2026-04,2026-04,,个税,300.0,202604月成本汇总,ROW55
COST_202604_00108,PAYROLL_202604,EMP055,PER055,,ESNAP_202604_EMP055,EREL_202604_EMP055,COMP_NDSC,,2026-04,2026-04,,扣除前应发工资,10000.0,202604月成本汇总,ROW56
COST_202604_00109,PAYROLL_202604,EMP055,PER055,,ESNAP_202604_EMP055,EREL_202604_EMP055,COMP_NDSC,,2026-04,2026-04,,个税,300.0,202604月成本汇总,ROW56
COST_202604_00110,PAYROLL_202604,EMP056,PER056,,ESNAP_202604_EMP056,EREL_202604_EMP056,COMP_NDSC,,2026-04,2026-04,,扣除前应发工资,10000.0,202604月成本汇总,ROW57
COST_202604_00111,PAYROLL_202604,EMP056,PER056,,ESNAP_202604_EMP056,EREL_202604_EMP056,COMP_NDSC,,2026-04,2026-04,,个税,300.0,202604月成本汇总,ROW57
COST_202604_00112,PAYROLL_202604,EMP057,PER057,,ESNAP_202604_EMP057,EREL_202604_EMP057,COMP_NDSC,,2026-04,2026-04,,扣除前应发工资,10000.0,202604月成本汇总,ROW58
COST_202604_00113,PAYROLL_202604,EMP057,PER057,,ESNAP_202604_EMP057,EREL_202604_EMP057,COMP_NDSC,,2026-04,2026-04,,个税,300.0,202604月成本汇总,ROW58
COST_202604_00114,PAYROLL_202604,EMP058,PER058,,ESNAP_202604_EMP058,EREL_202604_EMP058,COMP_NDSC,,2026-04,2026-04,,扣除前应发工资,10000.0,202604月成本汇总,ROW59
COST_202604_00115,PAYROLL_202604,EMP058,PER058,,ESNAP_202604_EMP058,EREL_202604_EMP058,COMP_NDSC,,2026-04,2026-04,,个税,300.0,202604月成本汇总,ROW59
COST_202604_00116,PAYROLL_202604,EMP059,PER059,,ESNAP_202604_EMP059,EREL_202604_EMP059,COMP_JS,,2026-04,2026-04,,扣除前应发工资,10000.0,202604月成本汇总,ROW60
COST_202604_00117,PAYROLL_202604,EMP060,PER060,,ESNAP_202604_EMP060,EREL_202604_EMP060,COMP_NDSC,,2026-04,2026-04,,扣除前应发工资,10000.0,202604月成本汇总,ROW61
COST_202604_00118,PAYROLL_202604,EMP060,PER060,,ESNAP_202604_EMP060,EREL_202604_EMP060,COMP_NDSC,,2026-04,2026-04,,个税,300.0,202604月成本汇总,ROW61
COST_202604_00119,PAYROLL_202604,EMP061,PER061,,ESNAP_202604_EMP061,EREL_202604_EMP061,COMP_NDSC,,2026-04,2026-04,,扣除前应发工资,10600.0,202604月成本汇总,ROW62
COST_202604_00120,PAYROLL_202604,EMP061,PER061,,ESNAP_202604_EMP061,EREL_202604_EMP061,COMP_NDSC,,2026-04,2026-04,,个税,318.0,202604月成本汇总,ROW62
COST_202604_00121,PAYROLL_202604,EMP062,PER062,,ESNAP_202604_EMP062,EREL_202604_EMP062,COMP_NDSC,,2026-04,2026-04,,扣除前应发工资,10000.0,202604月成本汇总,ROW63
COST_202604_00122,PAYROLL_202604,EMP062,PER062,,ESNAP_202604_EMP062,EREL_202604_EMP062,COMP_NDSC,,2026-04,2026-04,,个税,300.0,202604月成本汇总,ROW63
COST_202604_00123,PAYROLL_202604,EMP063,PER063,,ESNAP_202604_EMP063,EREL_202604_EMP063,COMP_NDSC,,2026-04,2026-04,,扣除前应发工资,10000.0,202604月成本汇总,ROW64
COST_202604_00124,PAYROLL_202604,EMP063,PER063,,ESNAP_202604_EMP063,EREL_202604_EMP063,COMP_NDSC,,2026-04,2026-04,,个税,300.0,202604月成本汇总,ROW64
COST_202604_00125,PAYROLL_202604,EMP064,PER064,,ESNAP_202604_EMP064,EREL_202604_EMP064,COMP_NDSC,,2026-04,2026-04,,扣除前应发工资,10000.0,202604月成本汇总,ROW65
COST_202604_00126,PAYROLL_202604,EMP064,PER064,,ESNAP_202604_EMP064,EREL_202604_EMP064,COMP_NDSC,,2026-04,2026-04,,个税,300.0,202604月成本汇总,ROW65
COST_202604_00127,PAYROLL_202604,EMP065,PER065,,ESNAP_202604_EMP065,EREL_202604_EMP065,COMP_NDSC,,2026-04,2026-04,,扣除前应发工资,10000.0,202604月成本汇总,ROW66
COST_202604_00128,PAYROLL_202604,EMP065,PER065,,ESNAP_202604_EMP065,EREL_202604_EMP065,COMP_NDSC,,2026-04,2026-04,,个税,300.0,202604月成本汇总,ROW66
COST_202604_00129,PAYROLL_202604,EMP066,PER066,,ESNAP_202604_EMP066,EREL_202604_EMP066,COMP_NDSC,,2026-04,2026-04,,扣除前应发工资,10000.0,202604月成本汇总,ROW67
COST_202604_00130,PAYROLL_202604,EMP066,PER066,,ESNAP_202604_EMP066,EREL_202604_EMP066,COMP_NDSC,,2026-04,2026-04,,个税,300.0,202604月成本汇总,ROW67
COST_202604_00131,PAYROLL_202604,EMP067,PER067,,ESNAP_202604_EMP067,EREL_202604_EMP067,COMP_NDSC,,2026-04,2026-04,,扣除前应发工资,10000.0,202604月成本汇总,ROW68
COST_202604_00132,PAYROLL_202604,EMP067,PER067,,ESNAP_202604_EMP067,EREL_202604_EMP067,COMP_NDSC,,2026-04,2026-04,,个税,300.0,202604月成本汇总,ROW68
COST_202604_00133,PAYROLL_202604,EMP068,PER068,,ESNAP_202604_EMP068,EREL_202604_EMP068,COMP_NDSC,,2026-04,2026-04,,扣除前应发工资,10000.0,202604月成本汇总,ROW69
COST_202604_00134,PAYROLL_202604,EMP068,PER068,,ESNAP_202604_EMP068,EREL_202604_EMP068,COMP_NDSC,,2026-04,2026-04,,个税,330.0,202604月成本汇总,ROW69
COST_202604_00135,PAYROLL_202604,EMP069,PER069,,ESNAP_202604_EMP069,EREL_202604_EMP069,COMP_NDSC,,2026-04,2026-04,,扣除前应发工资,10600.0,202604月成本汇总,ROW70
COST_202604_00136,PAYROLL_202604,EMP069,PER069,,ESNAP_202604_EMP069,EREL_202604_EMP069,COMP_NDSC,,2026-04,2026-04,,个税,318.0,202604月成本汇总,ROW70
COST_202604_00137,PAYROLL_202604,EMP070,PER070,,ESNAP_202604_EMP070,EREL_202604_EMP070,COMP_NDSC,,2026-04,2026-04,,扣除前应发工资,10000.0,202604月成本汇总,ROW71
COST_202604_00138,PAYROLL_202604,EMP070,PER070,,ESNAP_202604_EMP070,EREL_202604_EMP070,COMP_NDSC,,2026-04,2026-04,,个税,300.0,202604月成本汇总,ROW71
COST_202604_00139,PAYROLL_202604,EMP071,PER071,,ESNAP_202604_EMP071,EREL_202604_EMP071,COMP_NDSC,,2026-04,2026-04,,扣除前应发工资,10000.0,202604月成本汇总,ROW72
COST_202604_00140,PAYROLL_202604,EMP071,PER071,,ESNAP_202604_EMP071,EREL_202604_EMP071,COMP_NDSC,,2026-04,2026-04,,个税,300.0,202604月成本汇总,ROW72
COST_202604_00141,PAYROLL_202604,EMP072,PER072,,ESNAP_202604_EMP072,EREL_202604_EMP072,COMP_NDSC,,2026-04,2026-04,,扣除前应发工资,10000.0,202604月成本汇总,ROW73
COST_202604_00142,PAYROLL_202604,EMP072,PER072,,ESNAP_202604_EMP072,EREL_202604_EMP072,COMP_NDSC,,2026-04,2026-04,,个税,300.0,202604月成本汇总,ROW73
COST_202604_00143,PAYROLL_202604,EMP073,PER073,,ESNAP_202604_EMP073,EREL_202604_EMP073,COMP_NDSC,,2026-04,2026-04,,扣除前应发工资,10000.0,202604月成本汇总,ROW74
COST_202604_00144,PAYROLL_202604,EMP073,PER073,,ESNAP_202604_EMP073,EREL_202604_EMP073,COMP_NDSC,,2026-04,2026-04,,个税,300.0,202604月成本汇总,ROW74
COST_202604_00145,PAYROLL_202604,EMP074,PER074,,ESNAP_202604_EMP074,EREL_202604_EMP074,COMP_NDSC,,2026-04,2026-04,,扣除前应发工资,10000.0,202604月成本汇总,ROW75
COST_202604_00146,PAYROLL_202604,EMP074,PER074,,ESNAP_202604_EMP074,EREL_202604_EMP074,COMP_NDSC,,2026-04,2026-04,,个税,300.0,202604月成本汇总,ROW75
COST_202604_00147,PAYROLL_202604,EMP075,PER075,,ESNAP_202604_EMP075,EREL_202604_EMP075,COMP_NDSC,,2026-04,2026-04,,扣除前应发工资,10000.0,202604月成本汇总,ROW76
COST_202604_00148,PAYROLL_202604,EMP075,PER075,,ESNAP_202604_EMP075,EREL_202604_EMP075,COMP_NDSC,,2026-04,2026-04,,个税,300.0,202604月成本汇总,ROW76
COST_202604_00149,PAYROLL_202604,EMP076,PER076,,ESNAP_202604_EMP076,EREL_202604_EMP076,COMP_NDSC,,2026-04,2026-04,,扣除前应发工资,10000.0,202604月成本汇总,ROW77
COST_202604_00150,PAYROLL_202604,EMP076,PER076,,ESNAP_202604_EMP076,EREL_202604_EMP076,COMP_NDSC,,2026-04,2026-04,,个税,300.0,202604月成本汇总,ROW77
COST_202604_00151,PAYROLL_202604,EMP077,PER077,,ESNAP_202604_EMP077,EREL_202604_EMP077,COMP_NDSC,,2026-04,2026-04,,扣除前应发工资,10000.0,202604月成本汇总,ROW78
COST_202604_00152,PAYROLL_202604,EMP077,PER077,,ESNAP_202604_EMP077,EREL_202604_EMP077,COMP_NDSC,,2026-04,2026-04,,个税,300.0,202604月成本汇总,ROW78
COST_202604_00153,PAYROLL_202604,EMP078,PER078,,ESNAP_202604_EMP078,EREL_202604_EMP078,COMP_NDSC,,2026-04,2026-04,,扣除前应发工资,10000.0,202604月成本汇总,ROW79
COST_202604_00154,PAYROLL_202604,EMP078,PER078,,ESNAP_202604_EMP078,EREL_202604_EMP078,COMP_NDSC,,2026-04,2026-04,,个税,300.0,202604月成本汇总,ROW79
COST_202604_00155,PAYROLL_202604,EMP079,PER079,,ESNAP_202604_EMP079,EREL_202604_EMP079,COMP_NDSC,,2026-04,2026-04,,扣除前应发工资,10000.0,202604月成本汇总,ROW80
COST_202604_00156,PAYROLL_202604,EMP079,PER079,,ESNAP_202604_EMP079,EREL_202604_EMP079,COMP_NDSC,,2026-04,2026-04,,个税,300.0,202604月成本汇总,ROW80
COST_202604_00157,PAYROLL_202604,EMP080,PER080,,ESNAP_202604_EMP080,EREL_202604_EMP080,COMP_NDSC,,2026-04,2026-04,,扣除前应发工资,10000.0,202604月成本汇总,ROW81
COST_202604_00158,PAYROLL_202604,EMP080,PER080,,ESNAP_202604_EMP080,EREL_202604_EMP080,COMP_NDSC,,2026-04,2026-04,,个税,300.0,202604月成本汇总,ROW81
COST_202604_00159,PAYROLL_202604,EMP081,PER081,,ESNAP_202604_EMP081,EREL_202604_EMP081,COMP_NDSC,,2026-04,2026-04,,扣除前应发工资,10000.0,202604月成本汇总,ROW82
COST_202604_00160,PAYROLL_202604,EMP081,PER081,,ESNAP_202604_EMP081,EREL_202604_EMP081,COMP_NDSC,,2026-04,2026-04,,个税,300.0,202604月成本汇总,ROW82
COST_202604_00161,PAYROLL_202604,EMP082,PER082,,ESNAP_202604_EMP082,EREL_202604_EMP082,COMP_SCNY,,2026-04,2026-04,,扣除前应发工资,10000.0,202604月成本汇总,ROW83
COST_202604_00162,PAYROLL_202604,EMP082,PER082,,ESNAP_202604_EMP082,EREL_202604_EMP082,COMP_SCNY,,2026-04,2026-04,,个税,300.0,202604月成本汇总,ROW83
COST_202604_00163,PAYROLL_202604,EMP083,PER083,,ESNAP_202604_EMP083,EREL_202604_EMP083,COMP_NDSC,,2026-04,2026-04,,扣除前应发工资,10000.0,202604月成本汇总,ROW84
COST_202604_00164,PAYROLL_202604,EMP083,PER083,,ESNAP_202604_EMP083,EREL_202604_EMP083,COMP_NDSC,,2026-04,2026-04,,个税,300.0,202604月成本汇总,ROW84
COST_202604_00165,PAYROLL_202604,EMP084,PER084,,ESNAP_202604_EMP084,EREL_202604_EMP084,COMP_NDSC,,2026-04,2026-04,,扣除前应发工资,10000.0,202604月成本汇总,ROW85
COST_202604_00166,PAYROLL_202604,EMP084,PER084,,ESNAP_202604_EMP084,EREL_202604_EMP084,COMP_NDSC,,2026-04,2026-04,,个税,300.0,202604月成本汇总,ROW85
COST_202604_00167,PAYROLL_202604,EMP085,PER085,,ESNAP_202604_EMP085,EREL_202604_EMP085,COMP_NDSC,,2026-04,2026-04,,扣除前应发工资,10000.0,202604月成本汇总,ROW86
COST_202604_00168,PAYROLL_202604,EMP085,PER085,,ESNAP_202604_EMP085,EREL_202604_EMP085,COMP_NDSC,,2026-04,2026-04,,个税,300.0,202604月成本汇总,ROW86
COST_202604_00169,PAYROLL_202604,EMP086,PER086,,ESNAP_202604_EMP086,EREL_202604_EMP086,COMP_NDSC,,2026-04,2026-04,,扣除前应发工资,10000.0,202604月成本汇总,ROW87
COST_202604_00170,PAYROLL_202604,EMP086,PER086,,ESNAP_202604_EMP086,EREL_202604_EMP086,COMP_NDSC,,2026-04,2026-04,,个税,300.0,202604月成本汇总,ROW87
COST_202604_00171,PAYROLL_202604,EMP087,PER087,,ESNAP_202604_EMP087,EREL_202604_EMP087,COMP_SCNY,,2026-04,2026-04,,扣除前应发工资,10000.0,202604月成本汇总,ROW88
COST_202604_00172,PAYROLL_202604,EMP087,PER087,,ESNAP_202604_EMP087,EREL_202604_EMP087,COMP_SCNY,,2026-04,2026-04,,个税,300.0,202604月成本汇总,ROW88
COST_202604_00173,PAYROLL_202604,EMP088,PER088,,ESNAP_202604_EMP088,EREL_202604_EMP088,COMP_NDSC,,2026-04,2026-04,,扣除前应发工资,10000.0,202604月成本汇总,ROW89
COST_202604_00174,PAYROLL_202604,EMP088,PER088,,ESNAP_202604_EMP088,EREL_202604_EMP088,COMP_NDSC,,2026-04,2026-04,,个税,300.0,202604月成本汇总,ROW89
COST_202604_00175,PAYROLL_202604,EMP089,PER089,,ESNAP_202604_EMP089,EREL_202604_EMP089,COMP_NDSC,,2026-04,2026-04,,扣除前应发工资,12298.85,202604月成本汇总,ROW90
COST_202604_00176,PAYROLL_202604,EMP089,PER089,,ESNAP_202604_EMP089,EREL_202604_EMP089,COMP_NDSC,,2026-04,2026-04,,个税,368.97,202604月成本汇总,ROW90
COST_202604_00177,PAYROLL_202604,EMP089,PER089,,ESNAP_202604_EMP089,EREL_202604_EMP089,COMP_NDSC,,2026-04,2026-04,,其他费用,27000.0,202604月成本汇总,ROW90
COST_202604_00178,PAYROLL_202604,EMP090,PER090,,ESNAP_202604_EMP090,EREL_202604_EMP090,COMP_NDSC,,2026-04,2026-04,,扣除前应发工资,10000.0,202604月成本汇总,ROW91
COST_202604_00179,PAYROLL_202604,EMP091,PER091,,ESNAP_202604_EMP091,EREL_202604_EMP091,COMP_NDSC,,2026-04,2026-04,,扣除前应发工资,10000.0,202604月成本汇总,ROW92
COST_202604_00180,PAYROLL_202604,EMP091,PER091,,ESNAP_202604_EMP091,EREL_202604_EMP091,COMP_NDSC,,2026-04,2026-04,,个税,300.0,202604月成本汇总,ROW92
COST_202604_00181,PAYROLL_202604,EMP092,PER092,,ESNAP_202604_EMP092,EREL_202604_EMP092,COMP_NDSC,,2026-04,2026-04,,扣除前应发工资,10000.0,202604月成本汇总,ROW93
COST_202604_00182,PAYROLL_202604,EMP092,PER092,,ESNAP_202604_EMP092,EREL_202604_EMP092,COMP_NDSC,,2026-04,2026-04,,个税,300.0,202604月成本汇总,ROW93
COST_202604_00183,PAYROLL_202604,EMP093,PER093,,ESNAP_202604_EMP093,EREL_202604_EMP093,COMP_NDSC,,2026-04,2026-04,,扣除前应发工资,10000.0,202604月成本汇总,ROW94
COST_202604_00184,PAYROLL_202604,EMP093,PER093,,ESNAP_202604_EMP093,EREL_202604_EMP093,COMP_NDSC,,2026-04,2026-04,,个税,300.0,202604月成本汇总,ROW94
COST_202604_00185,PAYROLL_202604,EMP094,PER094,,ESNAP_202604_EMP094,EREL_202604_EMP094,COMP_NDSC,,2026-04,2026-04,,扣除前应发工资,10000.0,202604月成本汇总,ROW95
COST_202604_00186,PAYROLL_202604,EMP094,PER094,,ESNAP_202604_EMP094,EREL_202604_EMP094,COMP_NDSC,,2026-04,2026-04,,个税,300.0,202604月成本汇总,ROW95
COST_202604_00187,PAYROLL_202604,EMP095,PER095,,ESNAP_202604_EMP095,EREL_202604_EMP095,COMP_NDSC,,2026-04,2026-04,,扣除前应发工资,10000.0,202604月成本汇总,ROW96
COST_202604_00188,PAYROLL_202604,EMP095,PER095,,ESNAP_202604_EMP095,EREL_202604_EMP095,COMP_NDSC,,2026-04,2026-04,,个税,300.0,202604月成本汇总,ROW96
COST_202604_00189,PAYROLL_202604,EMP096,PER096,,ESNAP_202604_EMP096,EREL_202604_EMP096,COMP_SCNY,,2026-04,2026-04,,扣除前应发工资,9839.08,202604月成本汇总,ROW97
COST_202604_00190,PAYROLL_202604,EMP096,PER096,,ESNAP_202604_EMP096,EREL_202604_EMP096,COMP_SCNY,,2026-04,2026-04,,个税,295.17,202604月成本汇总,ROW97
COST_202604_00191,PAYROLL_202604,EMP097,PER097,,ESNAP_202604_EMP097,EREL_202604_EMP097,COMP_NDSC,,2026-04,2026-04,,扣除前应发工资,10000.0,202604月成本汇总,ROW98
COST_202604_00192,PAYROLL_202604,EMP097,PER097,,ESNAP_202604_EMP097,EREL_202604_EMP097,COMP_NDSC,,2026-04,2026-04,,个税,300.0,202604月成本汇总,ROW98
COST_202604_00193,PAYROLL_202604,EMP098,PER098,,ESNAP_202604_EMP098,EREL_202604_EMP098,COMP_SCNY,,2026-04,2026-04,,扣除前应发工资,10000.0,202604月成本汇总,ROW99
COST_202604_00194,PAYROLL_202604,EMP098,PER098,,ESNAP_202604_EMP098,EREL_202604_EMP098,COMP_SCNY,,2026-04,2026-04,,个税,300.0,202604月成本汇总,ROW99
COST_202604_00195,PAYROLL_202604,EMP099,PER099,,ESNAP_202604_EMP099,EREL_202604_EMP099,COMP_NDSC,,2026-04,2026-04,,扣除前应发工资,10000.0,202604月成本汇总,ROW100
COST_202604_00196,PAYROLL_202604,EMP099,PER099,,ESNAP_202604_EMP099,EREL_202604_EMP099,COMP_NDSC,,2026-04,2026-04,,个税,300.0,202604月成本汇总,ROW100
COST_202604_00197,PAYROLL_202604,EMP100,PER100,,ESNAP_202604_EMP100,EREL_202604_EMP100,COMP_NDSC,,2026-04,2026-04,,扣除前应发工资,10000.0,202604月成本汇总,ROW101
COST_202604_00198,PAYROLL_202604,EMP100,PER100,,ESNAP_202604_EMP100,EREL_202604_EMP100,COMP_NDSC,,2026-04,2026-04,,个税,300.0,202604月成本汇总,ROW101
COST_202604_00199,PAYROLL_202604,EMP101,PER101,,ESNAP_202604_EMP101,EREL_202604_EMP101,COMP_NDSC,,2026-04,2026-04,,扣除前应发工资,10000.0,202604月成本汇总,ROW102
COST_202604_00200,PAYROLL_202604,EMP101,PER101,,ESNAP_202604_EMP101,EREL_202604_EMP101,COMP_NDSC,,2026-04,2026-04,,个税,300.0,202604月成本汇总,ROW102
COST_202604_00201,PAYROLL_202604,EMP102,PER102,,ESNAP_202604_EMP102,EREL_202604_EMP102,COMP_JS,,2026-04,2026-04,,扣除前应发工资,10000.0,202604月成本汇总,ROW103
COST_202604_00202,PAYROLL_202604,EMP103,PER103,,ESNAP_202604_EMP103,EREL_202604_EMP103,COMP_NDSC,,2026-04,2026-04,,扣除前应发工资,10000.0,202604月成本汇总,ROW104
COST_202604_00203,PAYROLL_202604,EMP103,PER103,,ESNAP_202604_EMP103,EREL_202604_EMP103,COMP_NDSC,,2026-04,2026-04,,个税,300.0,202604月成本汇总,ROW104
COST_202604_00204,PAYROLL_202604,EMP104,PER104,,ESNAP_202604_EMP104,EREL_202604_EMP104,COMP_NDSC,,2026-04,2026-04,,扣除前应发工资,10000.0,202604月成本汇总,ROW105
COST_202604_00205,PAYROLL_202604,EMP104,PER104,,ESNAP_202604_EMP104,EREL_202604_EMP104,COMP_NDSC,,2026-04,2026-04,,个税,300.0,202604月成本汇总,ROW105
COST_202604_00206,PAYROLL_202604,EMP105,PER105,,ESNAP_202604_EMP105,EREL_202604_EMP105,COMP_SCNY,,2026-04,2026-04,,扣除前应发工资,10000.0,202604月成本汇总,ROW106
COST_202604_00207,PAYROLL_202604,EMP105,PER105,,ESNAP_202604_EMP105,EREL_202604_EMP105,COMP_SCNY,,2026-04,2026-04,,个税,300.0,202604月成本汇总,ROW106
COST_202604_00208,PAYROLL_202604,EMP106,PER106,,ESNAP_202604_EMP106,EREL_202604_EMP106,COMP_NDSC,,2026-04,2026-04,,扣除前应发工资,9400.0,202604月成本汇总,ROW107
COST_202604_00209,PAYROLL_202604,EMP106,PER106,,ESNAP_202604_EMP106,EREL_202604_EMP106,COMP_NDSC,,2026-04,2026-04,,个税,282.0,202604月成本汇总,ROW107
COST_202604_00210,PAYROLL_202604,EMP107,PER107,,ESNAP_202604_EMP107,EREL_202604_EMP107,COMP_NDSC,,2026-04,2026-04,,扣除前应发工资,10000.0,202604月成本汇总,ROW108
COST_202604_00211,PAYROLL_202604,EMP107,PER107,,ESNAP_202604_EMP107,EREL_202604_EMP107,COMP_NDSC,,2026-04,2026-04,,个税,300.0,202604月成本汇总,ROW108
COST_202604_00212,PAYROLL_202604,EMP108,PER108,,ESNAP_202604_EMP108,EREL_202604_EMP108,COMP_NDSC,,2026-04,2026-04,,扣除前应发工资,10000.0,202604月成本汇总,ROW109
COST_202604_00213,PAYROLL_202604,EMP108,PER108,,ESNAP_202604_EMP108,EREL_202604_EMP108,COMP_NDSC,,2026-04,2026-04,,个税,300.0,202604月成本汇总,ROW109
COST_202604_00214,PAYROLL_202604,EMP109,PER109,,ESNAP_202604_EMP109,EREL_202604_EMP109,COMP_NDSC,,2026-04,2026-04,,扣除前应发工资,10000.0,202604月成本汇总,ROW110
COST_202604_00215,PAYROLL_202604,EMP109,PER109,,ESNAP_202604_EMP109,EREL_202604_EMP109,COMP_NDSC,,2026-04,2026-04,,个税,300.0,202604月成本汇总,ROW110
COST_202604_00216,PAYROLL_202604,EMP110,PER110,,ESNAP_202604_EMP110,EREL_202604_EMP110,COMP_SCNY,,2026-04,2026-04,,扣除前应发工资,10000.0,202604月成本汇总,ROW111
COST_202604_00217,PAYROLL_202604,EMP110,PER110,,ESNAP_202604_EMP110,EREL_202604_EMP110,COMP_SCNY,,2026-04,2026-04,,个税,300.0,202604月成本汇总,ROW111
COST_202604_00218,PAYROLL_202604,EMP111,PER111,,ESNAP_202604_EMP111,EREL_202604_EMP111,COMP_NDSC,,2026-04,2026-04,,扣除前应发工资,10000.0,202604月成本汇总,ROW112
COST_202604_00219,PAYROLL_202604,EMP111,PER111,,ESNAP_202604_EMP111,EREL_202604_EMP111,COMP_NDSC,,2026-04,2026-04,,个税,300.0,202604月成本汇总,ROW112
COST_202604_00220,PAYROLL_202604,EMP112,PER112,,ESNAP_202604_EMP112,EREL_202604_EMP112,COMP_NDSC,,2026-04,2026-04,,扣除前应发工资,10000.0,202604月成本汇总,ROW113
COST_202604_00221,PAYROLL_202604,EMP112,PER112,,ESNAP_202604_EMP112,EREL_202604_EMP112,COMP_NDSC,,2026-04,2026-04,,个税,300.0,202604月成本汇总,ROW113
COST_202604_00222,PAYROLL_202604,EMP113,PER113,,ESNAP_202604_EMP113,EREL_202604_EMP113,COMP_NDSC,,2026-04,2026-04,,扣除前应发工资,10000.0,202604月成本汇总,ROW114
COST_202604_00223,PAYROLL_202604,EMP113,PER113,,ESNAP_202604_EMP113,EREL_202604_EMP113,COMP_NDSC,,2026-04,2026-04,,个税,300.0,202604月成本汇总,ROW114
COST_202604_00224,PAYROLL_202604,EMP114,PER114,,ESNAP_202604_EMP114,EREL_202604_EMP114,COMP_NDSC,,2026-04,2026-04,,扣除前应发工资,9400.0,202604月成本汇总,ROW115
COST_202604_00225,PAYROLL_202604,EMP114,PER114,,ESNAP_202604_EMP114,EREL_202604_EMP114,COMP_NDSC,,2026-04,2026-04,,个税,282.0,202604月成本汇总,ROW115
COST_202604_00226,PAYROLL_202604,EMP115,PER115,,ESNAP_202604_EMP115,EREL_202604_EMP115,COMP_NDSC,,2026-04,2026-04,,扣除前应发工资,10000.0,202604月成本汇总,ROW116
COST_202604_00227,PAYROLL_202604,EMP115,PER115,,ESNAP_202604_EMP115,EREL_202604_EMP115,COMP_NDSC,,2026-04,2026-04,,个税,300.0,202604月成本汇总,ROW116
COST_202604_00228,PAYROLL_202604,EMP116,PER116,,ESNAP_202604_EMP116,EREL_202604_EMP116,COMP_NDSC,,2026-04,2026-04,,扣除前应发工资,10000.0,202604月成本汇总,ROW117
COST_202604_00229,PAYROLL_202604,EMP116,PER116,,ESNAP_202604_EMP116,EREL_202604_EMP116,COMP_NDSC,,2026-04,2026-04,,个税,300.0,202604月成本汇总,ROW117
COST_202604_00230,PAYROLL_202604,EMP117,PER117,,ESNAP_202604_EMP117,EREL_202604_EMP117,COMP_NDSC,,2026-04,2026-04,,扣除前应发工资,10000.0,202604月成本汇总,ROW118
COST_202604_00231,PAYROLL_202604,EMP117,PER117,,ESNAP_202604_EMP117,EREL_202604_EMP117,COMP_NDSC,,2026-04,2026-04,,个税,300.0,202604月成本汇总,ROW118
COST_202604_00232,PAYROLL_202604,EMP118,PER118,,ESNAP_202604_EMP118,EREL_202604_EMP118,COMP_NDSC,,2026-04,2026-04,,扣除前应发工资,10000.0,202604月成本汇总,ROW119
COST_202604_00233,PAYROLL_202604,EMP118,PER118,,ESNAP_202604_EMP118,EREL_202604_EMP118,COMP_NDSC,,2026-04,2026-04,,个税,300.0,202604月成本汇总,ROW119
COST_202604_00234,PAYROLL_202604,EMP119,PER119,,ESNAP_202604_EMP119,EREL_202604_EMP119,COMP_NDSC,,2026-04,2026-04,,扣除前应发工资,9400.0,202604月成本汇总,ROW120
COST_202604_00235,PAYROLL_202604,EMP119,PER119,,ESNAP_202604_EMP119,EREL_202604_EMP119,COMP_NDSC,,2026-04,2026-04,,个税,282.0,202604月成本汇总,ROW120
COST_202604_00236,PAYROLL_202604,EMP120,PER120,,ESNAP_202604_EMP120,EREL_202604_EMP120,COMP_NDSC,,2026-04,2026-04,,扣除前应发工资,10000.0,202604月成本汇总,ROW121
COST_202604_00237,PAYROLL_202604,EMP120,PER120,,ESNAP_202604_EMP120,EREL_202604_EMP120,COMP_NDSC,,2026-04,2026-04,,个税,300.0,202604月成本汇总,ROW121
COST_202604_00238,PAYROLL_202604,EMP121,PER121,,ESNAP_202604_EMP121,EREL_202604_EMP121,COMP_NDSC,,2026-04,2026-04,,扣除前应发工资,10000.0,202604月成本汇总,ROW122
COST_202604_00239,PAYROLL_202604,EMP121,PER121,,ESNAP_202604_EMP121,EREL_202604_EMP121,COMP_NDSC,,2026-04,2026-04,,个税,300.0,202604月成本汇总,ROW122
COST_202604_00240,PAYROLL_202604,EMP122,PER122,,ESNAP_202604_EMP122,EREL_202604_EMP122,COMP_NDSC,,2026-04,2026-04,,扣除前应发工资,10600.0,202604月成本汇总,ROW123
COST_202604_00241,PAYROLL_202604,EMP122,PER122,,ESNAP_202604_EMP122,EREL_202604_EMP122,COMP_NDSC,,2026-04,2026-04,,个税,318.0,202604月成本汇总,ROW123
COST_202604_00242,PAYROLL_202604,EMP123,PER123,,ESNAP_202604_EMP123,EREL_202604_EMP123,COMP_SCNY,,2026-04,2026-04,,扣除前应发工资,10000.0,202604月成本汇总,ROW124
COST_202604_00243,PAYROLL_202604,EMP123,PER123,,ESNAP_202604_EMP123,EREL_202604_EMP123,COMP_SCNY,,2026-04,2026-04,,个税,300.0,202604月成本汇总,ROW124
COST_202604_00244,PAYROLL_202604,EMP124,PER124,,ESNAP_202604_EMP124,EREL_202604_EMP124,COMP_NDSC,,2026-04,2026-04,,扣除前应发工资,10000.0,202604月成本汇总,ROW125
COST_202604_00245,PAYROLL_202604,EMP124,PER124,,ESNAP_202604_EMP124,EREL_202604_EMP124,COMP_NDSC,,2026-04,2026-04,,个税,300.0,202604月成本汇总,ROW125
COST_202604_00246,PAYROLL_202604,EMP125,PER125,,ESNAP_202604_EMP125,EREL_202604_EMP125,COMP_NDSC,,2026-04,2026-04,,扣除前应发工资,10000.0,202604月成本汇总,ROW126
COST_202604_00247,PAYROLL_202604,EMP125,PER125,,ESNAP_202604_EMP125,EREL_202604_EMP125,COMP_NDSC,,2026-04,2026-04,,个税,300.0,202604月成本汇总,ROW126
COST_202604_00248,PAYROLL_202604,EMP126,PER126,,ESNAP_202604_EMP126,EREL_202604_EMP126,COMP_SCNY,,2026-04,2026-04,,扣除前应发工资,10000.0,202604月成本汇总,ROW127
COST_202604_00249,PAYROLL_202604,EMP126,PER126,,ESNAP_202604_EMP126,EREL_202604_EMP126,COMP_SCNY,,2026-04,2026-04,,个税,300.0,202604月成本汇总,ROW127
COST_202604_00250,PAYROLL_202604,EMP127,PER127,,ESNAP_202604_EMP127,EREL_202604_EMP127,COMP_NDSC,,2026-04,2026-04,,扣除前应发工资,10000.0,202604月成本汇总,ROW128
COST_202604_00251,PAYROLL_202604,EMP127,PER127,,ESNAP_202604_EMP127,EREL_202604_EMP127,COMP_NDSC,,2026-04,2026-04,,个税,300.0,202604月成本汇总,ROW128
COST_202604_00252,PAYROLL_202604,EMP128,PER128,,ESNAP_202604_EMP128,EREL_202604_EMP128,COMP_NDSC,,2026-04,2026-04,,扣除前应发工资,10000.0,202604月成本汇总,ROW129
COST_202604_00253,PAYROLL_202604,EMP128,PER128,,ESNAP_202604_EMP128,EREL_202604_EMP128,COMP_NDSC,,2026-04,2026-04,,个税,300.0,202604月成本汇总,ROW129
COST_202604_00254,PAYROLL_202604,EMP129,PER129,,ESNAP_202604_EMP129,EREL_202604_EMP129,COMP_NDSC,,2026-04,2026-04,,扣除前应发工资,10000.0,202604月成本汇总,ROW130
COST_202604_00255,PAYROLL_202604,EMP129,PER129,,ESNAP_202604_EMP129,EREL_202604_EMP129,COMP_NDSC,,2026-04,2026-04,,个税,300.0,202604月成本汇总,ROW130
COST_202604_00256,PAYROLL_202604,EMP130,PER130,,ESNAP_202604_EMP130,EREL_202604_EMP130,COMP_NDSC,,2026-04,2026-04,,扣除前应发工资,10000.0,202604月成本汇总,ROW131
COST_202604_00257,PAYROLL_202604,EMP130,PER130,,ESNAP_202604_EMP130,EREL_202604_EMP130,COMP_NDSC,,2026-04,2026-04,,个税,300.0,202604月成本汇总,ROW131
COST_202604_00258,PAYROLL_202604,EMP131,PER131,,ESNAP_202604_EMP131,EREL_202604_EMP131,COMP_NDSC,,2026-04,2026-04,,扣除前应发工资,10000.0,202604月成本汇总,ROW132
COST_202604_00259,PAYROLL_202604,EMP131,PER131,,ESNAP_202604_EMP131,EREL_202604_EMP131,COMP_NDSC,,2026-04,2026-04,,个税,300.0,202604月成本汇总,ROW132
COST_202604_00260,PAYROLL_202604,EMP132,PER132,,ESNAP_202604_EMP132,EREL_202604_EMP132,COMP_NDSC,,2026-04,2026-04,,扣除前应发工资,10000.0,202604月成本汇总,ROW133
COST_202604_00261,PAYROLL_202604,EMP132,PER132,,ESNAP_202604_EMP132,EREL_202604_EMP132,COMP_NDSC,,2026-04,2026-04,,个税,300.0,202604月成本汇总,ROW133
COST_202604_00262,PAYROLL_202604,EMP133,PER133,,ESNAP_202604_EMP133,EREL_202604_EMP133,COMP_NDSC,,2026-04,2026-04,,扣除前应发工资,9195.4,202604月成本汇总,ROW134
COST_202604_00263,PAYROLL_202604,EMP133,PER133,,ESNAP_202604_EMP133,EREL_202604_EMP133,COMP_NDSC,,2026-04,2026-04,,个税,275.86,202604月成本汇总,ROW134
COST_202604_00264,PAYROLL_202604,EMP134,PER134,,ESNAP_202604_EMP134,EREL_202604_EMP134,COMP_NDSC,,2026-04,2026-04,,扣除前应发工资,10000.0,202604月成本汇总,ROW135
COST_202604_00265,PAYROLL_202604,EMP134,PER134,,ESNAP_202604_EMP134,EREL_202604_EMP134,COMP_NDSC,,2026-04,2026-04,,个税,300.0,202604月成本汇总,ROW135
COST_202604_00266,PAYROLL_202604,EMP135,PER135,,ESNAP_202604_EMP135,EREL_202604_EMP135,COMP_NDSC,,2026-04,2026-04,,扣除前应发工资,10000.0,202604月成本汇总,ROW136
COST_202604_00267,PAYROLL_202604,EMP135,PER135,,ESNAP_202604_EMP135,EREL_202604_EMP135,COMP_NDSC,,2026-04,2026-04,,个税,300.0,202604月成本汇总,ROW136
COST_202604_00268,PAYROLL_202604,EMP136,PER136,,ESNAP_202604_EMP136,EREL_202604_EMP136,COMP_NDSC,,2026-04,2026-04,,扣除前应发工资,10000.0,202604月成本汇总,ROW137
COST_202604_00269,PAYROLL_202604,EMP136,PER136,,ESNAP_202604_EMP136,EREL_202604_EMP136,COMP_NDSC,,2026-04,2026-04,,个税,300.0,202604月成本汇总,ROW137
COST_202604_00270,PAYROLL_202604,EMP137,PER137,,ESNAP_202604_EMP137,EREL_202604_EMP137,COMP_NDSC,,2026-04,2026-04,,扣除前应发工资,10000.0,202604月成本汇总,ROW138
COST_202604_00271,PAYROLL_202604,EMP137,PER137,,ESNAP_202604_EMP137,EREL_202604_EMP137,COMP_NDSC,,2026-04,2026-04,,个税,300.0,202604月成本汇总,ROW138
COST_202604_00272,PAYROLL_202604,EMP138,PER138,,ESNAP_202604_EMP138,EREL_202604_EMP138,COMP_NDSC,,2026-04,2026-04,,扣除前应发工资,10000.0,202604月成本汇总,ROW139
COST_202604_00273,PAYROLL_202604,EMP138,PER138,,ESNAP_202604_EMP138,EREL_202604_EMP138,COMP_NDSC,,2026-04,2026-04,,个税,300.0,202604月成本汇总,ROW139
COST_202604_00274,PAYROLL_202604,EMP139,PER139,,ESNAP_202604_EMP139,EREL_202604_EMP139,COMP_NDSC,,2026-04,2026-04,,扣除前应发工资,10000.0,202604月成本汇总,ROW140
COST_202604_00275,PAYROLL_202604,EMP139,PER139,,ESNAP_202604_EMP139,EREL_202604_EMP139,COMP_NDSC,,2026-04,2026-04,,个税,300.0,202604月成本汇总,ROW140
COST_202604_00276,PAYROLL_202604,EMP140,PER140,,ESNAP_202604_EMP140,EREL_202604_EMP140,COMP_NDSC,,2026-04,2026-04,,扣除前应发工资,10000.0,202604月成本汇总,ROW141
COST_202604_00277,PAYROLL_202604,EMP140,PER140,,ESNAP_202604_EMP140,EREL_202604_EMP140,COMP_NDSC,,2026-04,2026-04,,个税,300.0,202604月成本汇总,ROW141
COST_202604_00278,PAYROLL_202604,EMP141,PER141,,ESNAP_202604_EMP141,EREL_202604_EMP141,COMP_NDSC,,2026-04,2026-04,,扣除前应发工资,10000.0,202604月成本汇总,ROW142
COST_202604_00279,PAYROLL_202604,EMP141,PER141,,ESNAP_202604_EMP141,EREL_202604_EMP141,COMP_NDSC,,2026-04,2026-04,,个税,300.0,202604月成本汇总,ROW142
COST_202604_00280,PAYROLL_202604,EMP142,PER142,,ESNAP_202604_EMP142,EREL_202604_EMP142,COMP_NDSC,,2026-04,2026-04,,扣除前应发工资,10000.0,202604月成本汇总,ROW143
COST_202604_00281,PAYROLL_202604,EMP142,PER142,,ESNAP_202604_EMP142,EREL_202604_EMP142,COMP_NDSC,,2026-04,2026-04,,个税,300.0,202604月成本汇总,ROW143
COST_202604_00282,PAYROLL_202604,EMP143,PER143,,ESNAP_202604_EMP143,EREL_202604_EMP143,COMP_NDSC,,2026-04,2026-04,,扣除前应发工资,10000.0,202604月成本汇总,ROW144
COST_202604_00283,PAYROLL_202604,EMP143,PER143,,ESNAP_202604_EMP143,EREL_202604_EMP143,COMP_NDSC,,2026-04,2026-04,,个税,300.0,202604月成本汇总,ROW144
COST_202604_00284,PAYROLL_202604,EMP144,PER144,,ESNAP_202604_EMP144,EREL_202604_EMP144,COMP_NDSC,,2026-04,2026-04,,扣除前应发工资,10000.0,202604月成本汇总,ROW145
COST_202604_00285,PAYROLL_202604,EMP144,PER144,,ESNAP_202604_EMP144,EREL_202604_EMP144,COMP_NDSC,,2026-04,2026-04,,个税,162.73,202604月成本汇总,ROW145
COST_202604_00286,PAYROLL_202604,EMP145,PER145,,ESNAP_202604_EMP145,EREL_202604_EMP145,COMP_NDSC,,2026-04,2026-04,,扣除前应发工资,3218.39,202604月成本汇总,ROW146
COST_202604_00287,PAYROLL_202604,EMP145,PER145,,ESNAP_202604_EMP145,EREL_202604_EMP145,COMP_NDSC,,2026-04,2026-04,,个税,96.55,202604月成本汇总,ROW146
COST_202604_00288,PAYROLL_202604,EMP146,PER146,,ESNAP_202604_EMP146,EREL_202604_EMP146,COMP_NDSC,,2026-04,2026-04,,扣除前应发工资,10000.0,202604月成本汇总,ROW147
COST_202604_00289,PAYROLL_202604,EMP146,PER146,,ESNAP_202604_EMP146,EREL_202604_EMP146,COMP_NDSC,,2026-04,2026-04,,个税,300.0,202604月成本汇总,ROW147
COST_202604_00290,PAYROLL_202604,EMP147,PER147,,ESNAP_202604_EMP147,EREL_202604_EMP147,COMP_NDSC,,2026-04,2026-04,,扣除前应发工资,10000.0,202604月成本汇总,ROW148
COST_202604_00291,PAYROLL_202604,EMP147,PER147,,ESNAP_202604_EMP147,EREL_202604_EMP147,COMP_NDSC,,2026-04,2026-04,,个税,300.0,202604月成本汇总,ROW148
COST_202604_00292,PAYROLL_202604,EMP148,PER148,,ESNAP_202604_EMP148,EREL_202604_EMP148,COMP_SCNY,,2026-04,2026-04,,扣除前应发工资,2520.0,202604月成本汇总,ROW149
COST_202604_00293,PAYROLL_202604,EMP148,PER148,,ESNAP_202604_EMP148,EREL_202604_EMP148,COMP_SCNY,,2026-04,2026-04,,个税,75.6,202604月成本汇总,ROW149
COST_202604_00294,PAYROLL_202604,EMP149,PER149,,ESNAP_202604_EMP149,EREL_202604_EMP149,COMP_SCNY,,2026-04,2026-04,,扣除前应发工资,840.0,202604月成本汇总,ROW150
COST_202604_00295,PAYROLL_202604,EMP149,PER149,,ESNAP_202604_EMP149,EREL_202604_EMP149,COMP_SCNY,,2026-04,2026-04,,个税,25.2,202604月成本汇总,ROW150
COST_202604_00296,PAYROLL_202604,EMP150,PER150,,ESNAP_202604_EMP150,EREL_202604_EMP150,COMP_NDSC,,2026-04,2026-04,,扣除前应发工资,9533.33,202604月成本汇总,ROW151
COST_202604_00297,PAYROLL_202604,EMP150,PER150,,ESNAP_202604_EMP150,EREL_202604_EMP150,COMP_NDSC,,2026-04,2026-04,,个税,286.0,202604月成本汇总,ROW151
COST_202604_00298,PAYROLL_202604,EMP151,PER151,,ESNAP_202604_EMP151,EREL_202604_EMP151,COMP_NDSC,,2026-04,2026-04,,扣除前应发工资,9400.0,202604月成本汇总,ROW152
COST_202604_00299,PAYROLL_202604,EMP151,PER151,,ESNAP_202604_EMP151,EREL_202604_EMP151,COMP_NDSC,,2026-04,2026-04,,个税,282.0,202604月成本汇总,ROW152
COST_202604_00300,PAYROLL_202604,EMP152,PER152,,ESNAP_202604_EMP152,EREL_202604_EMP152,COMP_NDSC,,2026-04,2026-04,,扣除前应发工资,10000.0,202604月成本汇总,ROW153
COST_202604_00301,PAYROLL_202604,EMP152,PER152,,ESNAP_202604_EMP152,EREL_202604_EMP152,COMP_NDSC,,2026-04,2026-04,,个税,255.9,202604月成本汇总,ROW153
COST_202604_00302,PAYROLL_202604,EMP153,PER153,,ESNAP_202604_EMP153,EREL_202604_EMP153,COMP_NDSC,,2026-04,2026-04,,扣除前应发工资,10000.0,202604月成本汇总,ROW154
COST_202604_00303,PAYROLL_202604,EMP153,PER153,,ESNAP_202604_EMP153,EREL_202604_EMP153,COMP_NDSC,,2026-04,2026-04,,个税,300.0,202604月成本汇总,ROW154
COST_202604_00304,PAYROLL_202604,EMP154,PER154,,ESNAP_202604_EMP154,EREL_202604_EMP154,COMP_NDSC,,2026-04,2026-04,,扣除前应发工资,10000.0,202604月成本汇总,ROW155
COST_202604_00305,PAYROLL_202604,EMP154,PER154,,ESNAP_202604_EMP154,EREL_202604_EMP154,COMP_NDSC,,2026-04,2026-04,,个税,300.0,202604月成本汇总,ROW155
COST_202604_00306,PAYROLL_202604,EMP155,PER155,,ESNAP_202604_EMP155,EREL_202604_EMP155,COMP_NDSC,,2026-04,2026-04,,扣除前应发工资,10000.0,202604月成本汇总,ROW156
COST_202604_00307,PAYROLL_202604,EMP155,PER155,,ESNAP_202604_EMP155,EREL_202604_EMP155,COMP_NDSC,,2026-04,2026-04,,个税,300.0,202604月成本汇总,ROW156
COST_202604_00308,PAYROLL_202604,EMP156,PER156,,ESNAP_202604_EMP156,EREL_202604_EMP156,COMP_NDSC,,2026-04,2026-04,,扣除前应发工资,10000.0,202604月成本汇总,ROW157
COST_202604_00309,PAYROLL_202604,EMP156,PER156,,ESNAP_202604_EMP156,EREL_202604_EMP156,COMP_NDSC,,2026-04,2026-04,,个税,300.0,202604月成本汇总,ROW157
COST_202604_00310,PAYROLL_202604,EMP157,PER157,,ESNAP_202604_EMP157,EREL_202604_EMP157,COMP_NDSC,,2026-04,2026-04,,扣除前应发工资,10000.0,202604月成本汇总,ROW158
COST_202604_00311,PAYROLL_202604,EMP157,PER157,,ESNAP_202604_EMP157,EREL_202604_EMP157,COMP_NDSC,,2026-04,2026-04,,个税,300.0,202604月成本汇总,ROW158
COST_202604_00312,PAYROLL_202604,EMP158,PER158,,ESNAP_202604_EMP158,EREL_202604_EMP158,COMP_NDSC,,2026-04,2026-04,,扣除前应发工资,10000.0,202604月成本汇总,ROW159
COST_202604_00313,PAYROLL_202604,EMP158,PER158,,ESNAP_202604_EMP158,EREL_202604_EMP158,COMP_NDSC,,2026-04,2026-04,,个税,300.0,202604月成本汇总,ROW159
COST_202604_00314,PAYROLL_202604,EMP159,PER159,,ESNAP_202604_EMP159,EREL_202604_EMP159,COMP_NDSC,,2026-04,2026-04,,扣除前应发工资,10000.0,202604月成本汇总,ROW160
COST_202604_00315,PAYROLL_202604,EMP159,PER159,,ESNAP_202604_EMP159,EREL_202604_EMP159,COMP_NDSC,,2026-04,2026-04,,个税,300.0,202604月成本汇总,ROW160
COST_202604_00316,PAYROLL_202604,EMP160,PER160,,ESNAP_202604_EMP160,EREL_202604_EMP160,COMP_NDSC,,2026-04,2026-04,,扣除前应发工资,10000.0,202604月成本汇总,ROW161
COST_202604_00317,PAYROLL_202604,EMP160,PER160,,ESNAP_202604_EMP160,EREL_202604_EMP160,COMP_NDSC,,2026-04,2026-04,,个税,300.0,202604月成本汇总,ROW161
COST_202604_00318,PAYROLL_202604,EMP161,PER161,,ESNAP_202604_EMP161,EREL_202604_EMP161,COMP_NDSC,,2026-04,2026-04,,扣除前应发工资,10000.0,202604月成本汇总,ROW162
COST_202604_00319,PAYROLL_202604,EMP161,PER161,,ESNAP_202604_EMP161,EREL_202604_EMP161,COMP_NDSC,,2026-04,2026-04,,个税,300.0,202604月成本汇总,ROW162
COST_202604_00320,PAYROLL_202604,EMP162,PER162,,ESNAP_202604_EMP162,EREL_202604_EMP162,COMP_NDSC,,2026-04,2026-04,,扣除前应发工资,10000.0,202604月成本汇总,ROW163
COST_202604_00321,PAYROLL_202604,EMP162,PER162,,ESNAP_202604_EMP162,EREL_202604_EMP162,COMP_NDSC,,2026-04,2026-04,,个税,300.0,202604月成本汇总,ROW163
COST_202604_00322,PAYROLL_202604,EMP163,PER163,,ESNAP_202604_EMP163,EREL_202604_EMP163,COMP_NDSC,,2026-04,2026-04,,扣除前应发工资,10000.0,202604月成本汇总,ROW164
COST_202604_00323,PAYROLL_202604,EMP163,PER163,,ESNAP_202604_EMP163,EREL_202604_EMP163,COMP_NDSC,,2026-04,2026-04,,个税,300.0,202604月成本汇总,ROW164
COST_202604_00324,PAYROLL_202604,EMP164,PER164,,ESNAP_202604_EMP164,EREL_202604_EMP164,COMP_NDSC,,2026-04,2026-04,,扣除前应发工资,10000.0,202604月成本汇总,ROW165
COST_202604_00325,PAYROLL_202604,EMP164,PER164,,ESNAP_202604_EMP164,EREL_202604_EMP164,COMP_NDSC,,2026-04,2026-04,,个税,300.0,202604月成本汇总,ROW165
COST_202604_00326,PAYROLL_202604,EMP165,PER165,,ESNAP_202604_EMP165,EREL_202604_EMP165,COMP_NDSC,,2026-04,2026-04,,扣除前应发工资,4597.7,202604月成本汇总,ROW166
COST_202604_00327,PAYROLL_202604,EMP165,PER165,,ESNAP_202604_EMP165,EREL_202604_EMP165,COMP_NDSC,,2026-04,2026-04,,个税,137.93,202604月成本汇总,ROW166
COST_202604_00328,PAYROLL_202604,EMP166,PER166,,ESNAP_202604_EMP166,EREL_202604_EMP166,COMP_SCNY,,2026-04,2026-04,,扣除前应发工资,10000.0,202604月成本汇总,ROW167
COST_202604_00329,PAYROLL_202604,EMP166,PER166,,ESNAP_202604_EMP166,EREL_202604_EMP166,COMP_SCNY,,2026-04,2026-04,,个税,300.0,202604月成本汇总,ROW167
COST_202604_00330,PAYROLL_202604,EMP167,PER167,,ESNAP_202604_EMP167,EREL_202604_EMP167,COMP_SCNY,,2026-04,2026-04,,扣除前应发工资,960.0,202604月成本汇总,ROW168
COST_202604_00331,PAYROLL_202604,EMP167,PER167,,ESNAP_202604_EMP167,EREL_202604_EMP167,COMP_SCNY,,2026-04,2026-04,,个税,28.8,202604月成本汇总,ROW168
COST_202604_00332,PAYROLL_202604,EMP168,PER168,,ESNAP_202604_EMP168,EREL_202604_EMP168,COMP_NDSC,,2026-04,2026-04,,扣除前应发工资,10000.0,202604月成本汇总,ROW169
COST_202604_00333,PAYROLL_202604,EMP168,PER168,,ESNAP_202604_EMP168,EREL_202604_EMP168,COMP_NDSC,,2026-04,2026-04,,个税,300.0,202604月成本汇总,ROW169
COST_202604_00334,PAYROLL_202604,EMP169,PER169,,ESNAP_202604_EMP169,EREL_202604_EMP169,COMP_NDSC,,2026-04,2026-04,,扣除前应发工资,10000.0,202604月成本汇总,ROW170
COST_202604_00335,PAYROLL_202604,EMP169,PER169,,ESNAP_202604_EMP169,EREL_202604_EMP169,COMP_NDSC,,2026-04,2026-04,,个税,300.0,202604月成本汇总,ROW170
COST_202604_00336,PAYROLL_202604,EMP170,PER170,,ESNAP_202604_EMP170,EREL_202604_EMP170,COMP_SCNY,,2026-04,2026-04,,扣除前应发工资,3678.16,202604月成本汇总,ROW171
COST_202604_00337,PAYROLL_202604,EMP170,PER170,,ESNAP_202604_EMP170,EREL_202604_EMP170,COMP_SCNY,,2026-04,2026-04,,个税,110.34,202604月成本汇总,ROW171
COST_202604_00338,PAYROLL_202604,EMP171,PER171,,ESNAP_202604_EMP171,EREL_202604_EMP171,COMP_SCNY,,2026-04,2026-04,,扣除前应发工资,2160.0,202604月成本汇总,ROW172
COST_202604_00339,PAYROLL_202604,EMP171,PER171,,ESNAP_202604_EMP171,EREL_202604_EMP171,COMP_SCNY,,2026-04,2026-04,,个税,64.8,202604月成本汇总,ROW172
COST_202604_00340,PAYROLL_202604,EMP172,PER172,,ESNAP_202604_EMP172,EREL_202604_EMP172,COMP_NDSC,,2026-04,2026-04,,扣除前应发工资,10000.0,202604月成本汇总,ROW173
COST_202604_00341,PAYROLL_202604,EMP172,PER172,,ESNAP_202604_EMP172,EREL_202604_EMP172,COMP_NDSC,,2026-04,2026-04,,个税,300.0,202604月成本汇总,ROW173
COST_202604_00342,PAYROLL_202604,EMP173,PER173,,ESNAP_202604_EMP173,EREL_202604_EMP173,COMP_NDSC,,2026-04,2026-04,,扣除前应发工资,10600.0,202604月成本汇总,ROW174
COST_202604_00343,PAYROLL_202604,EMP173,PER173,,ESNAP_202604_EMP173,EREL_202604_EMP173,COMP_NDSC,,2026-04,2026-04,,个税,318.0,202604月成本汇总,ROW174
COST_202604_00344,PAYROLL_202604,EMP174,PER174,,ESNAP_202604_EMP174,EREL_202604_EMP174,COMP_NDSC,,2026-04,2026-04,,扣除前应发工资,8275.86,202604月成本汇总,ROW175
COST_202604_00345,PAYROLL_202604,EMP174,PER174,,ESNAP_202604_EMP174,EREL_202604_EMP174,COMP_NDSC,,2026-04,2026-04,,个税,248.28,202604月成本汇总,ROW175
COST_202604_00346,PAYROLL_202604,EMP175,PER175,,ESNAP_202604_EMP175,EREL_202604_EMP175,COMP_NDSC,,2026-04,2026-04,,扣除前应发工资,10000.0,202604月成本汇总,ROW176
COST_202604_00347,PAYROLL_202604,EMP175,PER175,,ESNAP_202604_EMP175,EREL_202604_EMP175,COMP_NDSC,,2026-04,2026-04,,个税,300.0,202604月成本汇总,ROW176
COST_202604_00348,PAYROLL_202604,EMP176,PER176,,ESNAP_202604_EMP176,EREL_202604_EMP176,COMP_NDSC,,2026-04,2026-04,,扣除前应发工资,10000.0,202604月成本汇总,ROW177
COST_202604_00349,PAYROLL_202604,EMP176,PER176,,ESNAP_202604_EMP176,EREL_202604_EMP176,COMP_NDSC,,2026-04,2026-04,,个税,300.0,202604月成本汇总,ROW177
COST_202604_00350,PAYROLL_202604,EMP177,PER177,,ESNAP_202604_EMP177,EREL_202604_EMP177,COMP_NDSC,,2026-04,2026-04,,扣除前应发工资,10000.0,202604月成本汇总,ROW178
COST_202604_00351,PAYROLL_202604,EMP177,PER177,,ESNAP_202604_EMP177,EREL_202604_EMP177,COMP_NDSC,,2026-04,2026-04,,个税,300.0,202604月成本汇总,ROW178
COST_202604_00352,PAYROLL_202604,EMP178,PER178,,ESNAP_202604_EMP178,EREL_202604_EMP178,COMP_南大尚诚（人力）,AFF_COMP_南大尚诚（人力）_南大尚诚（人力）,2026-04,2026-04,,扣除前应发工资,3500.0,202604月成本汇总,ROW179
COST_202604_00353,PAYROLL_202604,EMP178,PER178,,ESNAP_202604_EMP178,EREL_202604_EMP178,COMP_南大尚诚（人力）,AFF_COMP_南大尚诚（人力）_南大尚诚（人力）,2026-04,2026-04,,个税,105.0,202604月成本汇总,ROW179
COST_202604_00354,PAYROLL_202604,EMP179,PER179,,ESNAP_202604_EMP179,EREL_202604_EMP179,COMP_南大尚诚（人力）,AFF_COMP_南大尚诚（人力）_南大尚诚（人力）,2026-04,2026-04,,扣除前应发工资,3500.0,202604月成本汇总,ROW180
COST_202604_00355,PAYROLL_202604,EMP179,PER179,,ESNAP_202604_EMP179,EREL_202604_EMP179,COMP_南大尚诚（人力）,AFF_COMP_南大尚诚（人力）_南大尚诚（人力）,2026-04,2026-04,,个税,105.0,202604月成本汇总,ROW180
COST_202604_00356,PAYROLL_202604,EMP180,PER180,,ESNAP_202604_EMP180,EREL_202604_EMP180,COMP_南大尚诚（人力）,AFF_COMP_南大尚诚（人力）_南大尚诚（人力）,2026-04,2026-04,,扣除前应发工资,3500.0,202604月成本汇总,ROW181
COST_202604_00357,PAYROLL_202604,EMP180,PER180,,ESNAP_202604_EMP180,EREL_202604_EMP180,COMP_南大尚诚（人力）,AFF_COMP_南大尚诚（人力）_南大尚诚（人力）,2026-04,2026-04,,个税,105.0,202604月成本汇总,ROW181
COST_202604_00358,PAYROLL_202604,EMP181,PER181,,ESNAP_202604_EMP181,EREL_202604_EMP181,COMP_NDSC,,2026-04,2026-04,,扣除前应发工资,7779.31,202604月成本汇总,ROW182
COST_202604_00359,PAYROLL_202604,EMP181,PER181,,ESNAP_202604_EMP181,EREL_202604_EMP181,COMP_NDSC,,2026-04,2026-04,,个税,233.38,202604月成本汇总,ROW182
COST_202604_00360,PAYROLL_202604,EMP182,PER182,,ESNAP_202604_EMP182,EREL_202604_EMP182,COMP_SCNY,,2026-04,2026-04,,扣除前应发工资,8275.86,202604月成本汇总,ROW183
COST_202604_00361,PAYROLL_202604,EMP182,PER182,,ESNAP_202604_EMP182,EREL_202604_EMP182,COMP_SCNY,,2026-04,2026-04,,个税,248.28,202604月成本汇总,ROW183
COST_202604_00362,PAYROLL_202604,EMP183,PER183,,ESNAP_202604_EMP183,EREL_202604_EMP183,COMP_NDSC,,2026-04,2026-04,,扣除前应发工资,6436.78,202604月成本汇总,ROW184
COST_202604_00363,PAYROLL_202604,EMP183,PER183,,ESNAP_202604_EMP183,EREL_202604_EMP183,COMP_NDSC,,2026-04,2026-04,,个税,193.1,202604月成本汇总,ROW184
COST_202604_00364,PAYROLL_202604,EMP184,PER184,,ESNAP_202604_EMP184,EREL_202604_EMP184,COMP_NDSC,,2026-04,2026-04,,扣除前应发工资,6436.78,202604月成本汇总,ROW185
COST_202604_00365,PAYROLL_202604,EMP184,PER184,,ESNAP_202604_EMP184,EREL_202604_EMP184,COMP_NDSC,,2026-04,2026-04,,个税,193.1,202604月成本汇总,ROW185
COST_202604_00366,PAYROLL_202604,EMP185,PER185,,ESNAP_202604_EMP185,EREL_202604_EMP185,COMP_NDSC,,2026-04,2026-04,,扣除前应发工资,5517.24,202604月成本汇总,ROW186
COST_202604_00367,PAYROLL_202604,EMP185,PER185,,ESNAP_202604_EMP185,EREL_202604_EMP185,COMP_NDSC,,2026-04,2026-04,,个税,165.52,202604月成本汇总,ROW186
COST_202604_00368,PAYROLL_202604,EMP186,PER186,,ESNAP_202604_EMP186,EREL_202604_EMP186,COMP_SCNY,,2026-04,2026-04,,扣除前应发工资,4137.93,202604月成本汇总,ROW187
COST_202604_00369,PAYROLL_202604,EMP186,PER186,,ESNAP_202604_EMP186,EREL_202604_EMP186,COMP_SCNY,,2026-04,2026-04,,个税,124.14,202604月成本汇总,ROW187
COST_202604_00370,PAYROLL_202604,EMP187,PER187,,ESNAP_202604_EMP187,EREL_202604_EMP187,COMP_NDSC,,2026-04,2026-04,,扣除前应发工资,2758.62,202604月成本汇总,ROW188
COST_202604_00371,PAYROLL_202604,EMP187,PER187,,ESNAP_202604_EMP187,EREL_202604_EMP187,COMP_NDSC,,2026-04,2026-04,,个税,82.76,202604月成本汇总,ROW188
COST_202604_00372,PAYROLL_202604,EMP188,PER188,,ESNAP_202604_EMP188,EREL_202604_EMP188,COMP_SCNY,,2026-04,2026-04,,扣除前应发工资,10000.0,202604月成本汇总,ROW189
COST_202604_00373,PAYROLL_202604,EMP188,PER188,,ESNAP_202604_EMP188,EREL_202604_EMP188,COMP_SCNY,,2026-04,2026-04,,个税,300.0,202604月成本汇总,ROW189
COST_202604_CONS_001,PAYROLL_202604,,PER_CONS001,CENG001,,,COMP_SCNY,,2026-04,,,顾问劳务费,8000.0,ConsultantFeeSettlement,CFS_202604_CENG001
