payroll_line_id,payroll_run_id,employee_snapshot_id,employee_id,person_id,employee_name_snapshot,employment_relationship_id,payroll_company_id,payroll_company_name_snapshot,internal_affiliation_id,internal_affiliation_name_snapshot,salary_profile_id,monthly_salary_base,monthly_salary_total,position,basic_salary,performance_salary_base,performance_grade,performance_salary,overtime_salary,attendance_adjustment,other_adjustment,gross_pay_before_deduction,personal_social_security,personal_housing_fund,personal_income_tax,net_pay,employer_social_security,employer_housing_fund,company_total_cost,exception_notes,applied_rule_ids,calculation_trace
PL_202604_EMP001,PAYROLL_202604,ESNAP_202604_EMP001,EMP001,PER001,一,EREL_202604_EMP001,COMP_SCNY,尚诚能源,,,SAL_202604_EMP001,10000.0,10000.0,南京大学,10000.0,0.0,无等级,0.0,,,0.0,10000.0,0.0,0.0,300.0,9700.0,,,,,,
PL_202604_EMP002,PAYROLL_202604,ESNAP_202604_EMP002,EMP002,PER002,二,EREL_202604_EMP002,COMP_SCNY,尚诚能源,,,SAL_202604_EMP002,10000.0,10000.0,南京大学,10000.0,0.0,无等级,0.0,,,0.0,10000.0,0.0,0.0,300.0,9700.0,,,,,,
PL_202604_EMP003,PAYROLL_202604,ESNAP_202604_EMP003,EMP003,PER003,三,EREL_202604_EMP003,COMP_SCNY,尚诚能源,,,SAL_202604_EMP003,10000.0,10000.0,南京大学,10000.0,0.0,无等级,0.0,,,0.0,10000.0,0.0,0.0,300.0,9700.0,,,,,,
PL_202604_EMP004,PAYROLL_202604,ESNAP_202604_EMP004,EMP004,PER004,四,EREL_202604_EMP004,COMP_SCNY,尚诚能源,,,SAL_202604_EMP004,10000.0,10000.0,南京大学,10000.0,0.0,无等级,0.0,,,0.0,10000.0,0.0,0.0,300.0,9700.0,,,,,,
PL_202604_EMP005,PAYROLL_202604,ESNAP_202604_EMP005,EMP005,PER005,五,EREL_202604_EMP005,COMP_SCNY,尚诚能源,,,SAL_202604_EMP005,10000.0,10000.0,南京大学,10000.0,0.0,无等级,0.0,,,0.0,10000.0,0.0,0.0,300.0,9700.0,,,,,,
PL_202604_EMP006,PAYROLL_202604,ESNAP_202604_EMP006,EMP006,PER006,六,EREL_202604_EMP006,COMP_SCNY,尚诚能源,,,SAL_202604_EMP006,10000.0,10000.0,南京大学,10000.0,0.0,无等级,0.0,,,0.0,10000.0,0.0,0.0,300.0,9700.0,,,,,,
PL_202604_EMP007,PAYROLL_202604,ESNAP_202604_EMP007,EMP007,PER007,七,EREL_202604_EMP007,COMP_SCNY,尚诚能源,,,SAL_202604_EMP007,10000.0,10000.0,南京大学,10000.0,0.0,无等级,0.0,,,0.0,10000.0,0.0,0.0,300.0,9700.0,,,,,,
PL_202604_EMP008,PAYROLL_202604,ESNAP_202604_EMP008,EMP008,PER008,八,EREL_202604_EMP008,COMP_SCNY,尚诚能源,,,SAL_202604_EMP008,10000.0,10000.0,南京大学,10000.0,0.0,无等级,0.0,,,0.0,10000.0,0.0,0.0,300.0,9700.0,,,,,,
PL_202604_EMP009,PAYROLL_202604,ESNAP_202604_EMP009,EMP009,PER009,九,EREL_202604_EMP009,COMP_SCNY,尚诚能源,,,SAL_202604_EMP009,10000.0,10000.0,南京大学,10000.0,0.0,无等级,0.0,,,0.0,10000.0,0.0,0.0,300.0,9700.0,,,,,,
PL_202604_EMP010,PAYROLL_202604,ESNAP_202604_EMP010,EMP010,PER010,一十,EREL_202604_EMP010,COMP_SCNY,尚诚能源,,,SAL_202604_EMP010,10000.0,10000.0,南京大学,10000.0,0.0,无等级,0.0,,,0.0,10000.0,0.0,0.0,300.0,9700.0,,,,,,
PL_202604_EMP011,PAYROLL_202604,ESNAP_202604_EMP011,EMP011,PER011,一十一,EREL_202604_EMP011,COMP_SCNY,尚诚能源,,,SAL_202604_EMP011,10000.0,10000.0,南京大学,10000.0,0.0,无等级,0.0,,,0.0,10000.0,0.0,0.0,300.0,9700.0,,,,,,
PL_202604_EMP012,PAYROLL_202604,ESNAP_202604_EMP012,EMP012,PER012,一十二,EREL_202604_EMP012,COMP_SCNY,尚诚能源,,,SAL_202604_EMP012,10000.0,10000.0,南京大学,10000.0,0.0,无等级,0.0,,,0.0,10000.0,0.0,0.0,300.0,9700.0,,,,,,
PL_202604_EMP013,PAYROLL_202604,ESNAP_202604_EMP013,EMP013,PER013,一十三,EREL_202604_EMP013,COMP_SCNY,尚诚能源,,,SAL_202604_EMP013,10000.0,10000.0,南京大学,10000.0,0.0,无等级,0.0,,,0.0,10000.0,0.0,0.0,300.0,9700.0,,,,,,
PL_202604_EMP014,PAYROLL_202604,ESNAP_202604_EMP014,EMP014,PER014,一,EREL_202604_EMP014,COMP_NDSC,南大尚诚,,,SAL_202604_EMP014,10000.0,10000.0,BOSS,10000.0,0.0,无等级,0.0,,,0.0,10000.0,0.0,0.0,300.0,9700.0,,,,,,
PL_202604_EMP015,PAYROLL_202604,ESNAP_202604_EMP015,EMP015,PER015,二,EREL_202604_EMP015,COMP_SCNY,尚诚能源,,,SAL_202604_EMP015,10000.0,10000.0,BOSS,10000.0,0.0,无等级,0.0,,,0.0,10000.0,,,,,,,,,,
PL_202604_EMP016,PAYROLL_202604,ESNAP_202604_EMP016,EMP016,PER016,三,EREL_202604_EMP016,COMP_SCNY,尚诚能源,,,SAL_202604_EMP016,10000.0,10000.0,员工,7000.0,3000.0,C,3000.0,,,0.0,10000.0,,,,,,,,,,
PL_202604_EMP017,PAYROLL_202604,ESNAP_202604_EMP017,EMP017,PER017,四,EREL_202604_EMP017,COMP_NDSC,南大尚诚,,,SAL_202604_EMP017,10000.0,10000.0,部门负责人,6000.0,4000.0,C,4000.0,,,0.0,10000.0,0.0,0.0,300.0,9700.0,,,,,,
PL_202604_EMP018,PAYROLL_202604,ESNAP_202604_EMP018,EMP018,PER018,五,EREL_202604_EMP018,COMP_NDSC,南大尚诚,,,SAL_202604_EMP018,10000.0,10000.0,员工,7000.0,3000.0,C,3000.0,,,0.0,10000.0,0.0,0.0,300.0,9700.0,,,,,,
PL_202604_EMP019,PAYROLL_202604,ESNAP_202604_EMP019,EMP019,PER019,六,EREL_202604_EMP019,COMP_NDSC,南大尚诚,,,SAL_202604_EMP019,10000.0,10000.0,员工,7000.0,3000.0,C,3000.0,,,0.0,10000.0,0.0,0.0,300.0,9700.0,,,,,,
PL_202604_EMP020,PAYROLL_202604,ESNAP_202604_EMP020,EMP020,PER020,七,EREL_202604_EMP020,COMP_NDSC,南大尚诚,,,SAL_202604_EMP020,10000.0,10000.0,员工,7000.0,3000.0,C,3000.0,,,0.0,10000.0,0.0,0.0,300.0,9700.0,,,,,,
PL_202604_EMP021,PAYROLL_202604,ESNAP_202604_EMP021,EMP021,PER021,八,EREL_202604_EMP021,COMP_NDSC,南大尚诚,,,SAL_202604_EMP021,10000.0,10000.0,员工,7000.0,3000.0,C,3000.0,,,0.0,10000.0,0.0,0.0,300.0,9700.0,,,,,,
PL_202604_EMP022,PAYROLL_202604,ESNAP_202604_EMP022,EMP022,PER022,九,EREL_202604_EMP022,COMP_NDSC,南大尚诚,,,SAL_202604_EMP022,10000.0,10000.0,部门负责人,6000.0,4000.0,C,4000.0,,,0.0,10000.0,0.0,0.0,300.0,9700.0,,,,,,
PL_202604_EMP023,PAYROLL_202604,ESNAP_202604_EMP023,EMP023,PER023,一十,EREL_202604_EMP023,COMP_NDSC,南大尚诚,,,SAL_202604_EMP023,10000.0,10000.0,部门负责人,6000.0,4000.0,C,4000.0,,,0.0,10000.0,0.0,0.0,300.0,9700.0,,,,,,
PL_202604_EMP024,PAYROLL_202604,ESNAP_202604_EMP024,EMP024,PER024,一十一,EREL_202604_EMP024,COMP_NDSC,南大尚诚,,,SAL_202604_EMP024,10000.0,10000.0,员工,7000.0,3000.0,C,3000.0,,,0.0,10000.0,0.0,0.0,300.0,9700.0,,,,,,
PL_202604_EMP025,PAYROLL_202604,ESNAP_202604_EMP025,EMP025,PER025,一十二,EREL_202604_EMP025,COMP_SCNY,尚诚能源,,,SAL_202604_EMP025,10000.0,10000.0,部门负责人,6000.0,4000.0,C,4000.0,,,0.0,10000.0,,,,,,,,,,
PL_202604_EMP026,PAYROLL_202604,ESNAP_202604_EMP026,EMP026,PER026,一十三,EREL_202604_EMP026,COMP_NDSC,南大尚诚,,,SAL_202604_EMP026,10000.0,10000.0,员工,7000.0,3000.0,B,3600.0,,,0.0,10600.0,0.0,0.0,300.0,9700.0,,,,,,
PL_202604_EMP027,PAYROLL_202604,ESNAP_202604_EMP027,EMP027,PER027,一十四,EREL_202604_EMP027,COMP_SCNY,尚诚能源,,,SAL_202604_EMP027,10000.0,10000.0,员工,7000.0,3000.0,C,3000.0,,,0.0,10000.0,0.0,0.0,300.0,9700.0,,,,,,
PL_202604_EMP028,PAYROLL_202604,ESNAP_202604_EMP028,EMP028,PER028,一十五,EREL_202604_EMP028,COMP_SCNY,尚诚能源,,,SAL_202604_EMP028,10000.0,10000.0,员工,7000.0,3000.0,C,3000.0,,,-321.84,9678.16,0.0,0.0,290.34,9387.82,,,,,,
PL_202604_EMP029,PAYROLL_202604,ESNAP_202604_EMP029,EMP029,PER029,一十六,EREL_202604_EMP029,COMP_NDSC,南大尚诚,,,SAL_202604_EMP029,10000.0,10000.0,员工,7000.0,3000.0,C,3000.0,,,0.0,10000.0,0.0,0.0,300.0,9700.0,,,,,,
PL_202604_EMP030,PAYROLL_202604,ESNAP_202604_EMP030,EMP030,PER030,一十七,EREL_202604_EMP030,COMP_JS,基石,,,SAL_202604_EMP030,10000.0,10000.0,部门负责人,6000.0,4000.0,C,4000.0,,,0.0,10000.0,1060.0,1200.0,,,,,,,,
PL_202604_EMP031,PAYROLL_202604,ESNAP_202604_EMP031,EMP031,PER031,一十八,EREL_202604_EMP031,COMP_NDSC,南大尚诚,,,SAL_202604_EMP031,10000.0,10000.0,员工,7000.0,3000.0,C,3000.0,,,0.0,10000.0,0.0,0.0,300.0,9700.0,,,,,,
PL_202604_EMP032,PAYROLL_202604,ESNAP_202604_EMP032,EMP032,PER032,一十九,EREL_202604_EMP032,COMP_NDSC,南大尚诚,,,SAL_202604_EMP032,10000.0,10000.0,员工,7000.0,3000.0,C,3000.0,,,0.0,10000.0,0.0,0.0,300.0,9700.0,,,,,,
PL_202604_EMP033,PAYROLL_202604,ESNAP_202604_EMP033,EMP033,PER033,二十,EREL_202604_EMP033,COMP_NDSC,南大尚诚,,,SAL_202604_EMP033,10000.0,10000.0,员工,7000.0,3000.0,C,3000.0,,,0.0,10000.0,0.0,0.0,300.0,9700.0,,,,,,
PL_202604_EMP034,PAYROLL_202604,ESNAP_202604_EMP034,EMP034,PER034,二十一,EREL_202604_EMP034,COMP_SCNY,尚诚能源,,,SAL_202604_EMP034,10000.0,10000.0,员工,7000.0,3000.0,C,3000.0,,,0.0,10000.0,0.0,0.0,300.0,9700.0,,,,,,
PL_202604_EMP035,PAYROLL_202604,ESNAP_202604_EMP035,EMP035,PER035,二十二,EREL_202604_EMP035,COMP_NDSC,南大尚诚,,,SAL_202604_EMP035,10000.0,10000.0,员工,7000.0,3000.0,C,3000.0,,,0.0,10000.0,0.0,0.0,300.0,9700.0,,,,,,
PL_202604_EMP036,PAYROLL_202604,ESNAP_202604_EMP036,EMP036,PER036,二十三,EREL_202604_EMP036,COMP_NDSC,南大尚诚,,,SAL_202604_EMP036,10000.0,10000.0,员工,7000.0,3000.0,C,3000.0,,,0.0,10000.0,0.0,0.0,300.0,9700.0,,,,,,
PL_202604_EMP037,PAYROLL_202604,ESNAP_202604_EMP037,EMP037,PER037,二十四,EREL_202604_EMP037,COMP_NDSC,南大尚诚,,,SAL_202604_EMP037,10000.0,10000.0,员工,7000.0,3000.0,C,3000.0,,,0.0,10000.0,0.0,0.0,300.0,9700.0,,,,,,
PL_202604_EMP038,PAYROLL_202604,ESNAP_202604_EMP038,EMP038,PER038,二十五,EREL_202604_EMP038,COMP_NDSC,南大尚诚,,,SAL_202604_EMP038,10000.0,10000.0,员工,7000.0,3000.0,B,3600.0,,,0.0,10600.0,0.0,0.0,318.0,10282.0,,,,,,
PL_202604_EMP039,PAYROLL_202604,ESNAP_202604_EMP039,EMP039,PER039,二十六,EREL_202604_EMP039,COMP_NDSC,南大尚诚,,,SAL_202604_EMP039,10000.0,10000.0,员工,7000.0,3000.0,C,3000.0,,,0.0,10000.0,0.0,0.0,300.0,9700.0,,,,,,
PL_202604_EMP040,PAYROLL_202604,ESNAP_202604_EMP040,EMP040,PER040,二十七,EREL_202604_EMP040,COMP_NDSC,南大尚诚,,,SAL_202604_EMP040,10000.0,10000.0,员工,7000.0,3000.0,C,3000.0,,,0.0,10000.0,0.0,0.0,300.0,9700.0,,,,,,
PL_202604_EMP041,PAYROLL_202604,ESNAP_202604_EMP041,EMP041,PER041,二十八,EREL_202604_EMP041,COMP_JS,基石,,,SAL_202604_EMP041,10000.0,10000.0,部门负责人,6000.0,4000.0,C,4000.0,,,0.0,10000.0,1060.0,1200.0,,,,,,,,
PL_202604_EMP042,PAYROLL_202604,ESNAP_202604_EMP042,EMP042,PER042,二十九,EREL_202604_EMP042,COMP_NDSC,南大尚诚,,,SAL_202604_EMP042,10000.0,10000.0,员工,7000.0,3000.0,C,3000.0,,,0.0,10000.0,0.0,0.0,300.0,9700.0,,,,,,
PL_202604_EMP043,PAYROLL_202604,ESNAP_202604_EMP043,EMP043,PER043,三十,EREL_202604_EMP043,COMP_NDSC,南大尚诚,,,SAL_202604_EMP043,10000.0,10000.0,员工,7000.0,3000.0,C,3000.0,,,0.0,10000.0,0.0,0.0,300.0,9700.0,,,,,,
PL_202604_EMP044,PAYROLL_202604,ESNAP_202604_EMP044,EMP044,PER044,三十一,EREL_202604_EMP044,COMP_NDSC,南大尚诚,,,SAL_202604_EMP044,10000.0,10000.0,员工,7000.0,3000.0,C,3000.0,,,0.0,10000.0,0.0,0.0,300.0,9700.0,,,,,,
PL_202604_EMP045,PAYROLL_202604,ESNAP_202604_EMP045,EMP045,PER045,三十二,EREL_202604_EMP045,COMP_NDSC,南大尚诚,,,SAL_202604_EMP045,10000.0,10000.0,员工,7000.0,3000.0,C,3000.0,,,0.0,10000.0,0.0,0.0,300.0,9700.0,,,,,,
PL_202604_EMP046,PAYROLL_202604,ESNAP_202604_EMP046,EMP046,PER046,三十三,EREL_202604_EMP046,COMP_NDSC,南大尚诚,,,SAL_202604_EMP046,10000.0,10000.0,员工,7000.0,3000.0,B,3600.0,,,0.0,10600.0,0.0,0.0,318.0,10282.0,,,,,,
PL_202604_EMP047,PAYROLL_202604,ESNAP_202604_EMP047,EMP047,PER047,三十四,EREL_202604_EMP047,COMP_NDSC,南大尚诚,,,SAL_202604_EMP047,10000.0,10000.0,员工,7000.0,3000.0,B,3600.0,,,0.0,10600.0,0.0,0.0,318.0,10282.0,,,,,,
PL_202604_EMP048,PAYROLL_202604,ESNAP_202604_EMP048,EMP048,PER048,三十五,EREL_202604_EMP048,COMP_NDSC,南大尚诚,,,SAL_202604_EMP048,10000.0,10000.0,员工,7000.0,3000.0,C,3000.0,,,0.0,10000.0,0.0,0.0,300.0,9700.0,,,,,,
PL_202604_EMP049,PAYROLL_202604,ESNAP_202604_EMP049,EMP049,PER049,三十六,EREL_202604_EMP049,COMP_NDSC,南大尚诚,,,SAL_202604_EMP049,10000.0,10000.0,员工,7000.0,3000.0,C,3000.0,,,0.0,10000.0,0.0,0.0,300.0,9700.0,,,,,,
PL_202604_EMP050,PAYROLL_202604,ESNAP_202604_EMP050,EMP050,PER050,三十七,EREL_202604_EMP050,COMP_NDSC,南大尚诚,,,SAL_202604_EMP050,10000.0,10000.0,员工,7000.0,3000.0,C,3000.0,,,0.0,10000.0,0.0,0.0,300.0,9700.0,,,,,,
PL_202604_EMP051,PAYROLL_202604,ESNAP_202604_EMP051,EMP051,PER051,三十八,EREL_202604_EMP051,COMP_NDSC,南大尚诚,,,SAL_202604_EMP051,10000.0,10000.0,员工,7000.0,3000.0,D,2400.0,,,-1680.0,7720.0,0.0,0.0,231.6,7488.4,,,,,,
PL_202604_EMP052,PAYROLL_202604,ESNAP_202604_EMP052,EMP052,PER052,三十九,EREL_202604_EMP052,COMP_SCNY,尚诚能源,,,SAL_202604_EMP052,10000.0,10000.0,员工,7000.0,3000.0,D,2400.0,,,-900.0,8500.0,0.0,0.0,255.0,8245.0,,,,,,
PL_202604_EMP053,PAYROLL_202604,ESNAP_202604_EMP053,EMP053,PER053,四十,EREL_202604_EMP053,COMP_SCNY,尚诚能源,,,SAL_202604_EMP053,10000.0,10000.0,员工,7000.0,3000.0,C,3000.0,,,0.0,10000.0,0.0,0.0,300.0,9700.0,,,,,,
PL_202604_EMP054,PAYROLL_202604,ESNAP_202604_EMP054,EMP054,PER054,四十一,EREL_202604_EMP054,COMP_NDSC,南大尚诚,,,SAL_202604_EMP054,10000.0,10000.0,员工,7000.0,3000.0,C,3000.0,,,0.0,10000.0,0.0,0.0,300.0,9700.0,,,,,,
PL_202604_EMP055,PAYROLL_202604,ESNAP_202604_EMP055,EMP055,PER055,四十二,EREL_202604_EMP055,COMP_NDSC,南大尚诚,,,SAL_202604_EMP055,10000.0,10000.0,员工,7000.0,3000.0,C,3000.0,,,0.0,10000.0,0.0,0.0,300.0,9700.0,,,,,,
PL_202604_EMP056,PAYROLL_202604,ESNAP_202604_EMP056,EMP056,PER056,四十三,EREL_202604_EMP056,COMP_NDSC,南大尚诚,,,SAL_202604_EMP056,10000.0,10000.0,员工,7000.0,3000.0,C,3000.0,,,0.0,10000.0,0.0,0.0,300.0,9700.0,,,,,,
PL_202604_EMP057,PAYROLL_202604,ESNAP_202604_EMP057,EMP057,PER057,四十四,EREL_202604_EMP057,COMP_NDSC,南大尚诚,,,SAL_202604_EMP057,10000.0,10000.0,员工,7000.0,3000.0,C,3000.0,,,0.0,10000.0,0.0,0.0,300.0,9700.0,,,,,,
PL_202604_EMP058,PAYROLL_202604,ESNAP_202604_EMP058,EMP058,PER058,四十五,EREL_202604_EMP058,COMP_NDSC,南大尚诚,,,SAL_202604_EMP058,10000.0,10000.0,员工,7000.0,3000.0,C,3000.0,,,0.0,10000.0,0.0,0.0,300.0,9700.0,,,,,,
PL_202604_EMP059,PAYROLL_202604,ESNAP_202604_EMP059,EMP059,PER059,四十六,EREL_202604_EMP059,COMP_JS,基石,,,SAL_202604_EMP059,10000.0,10000.0,部门负责人,6000.0,4000.0,C,4000.0,,,0.0,10000.0,1060.0,1200.0,,,,,,,,
PL_202604_EMP060,PAYROLL_202604,ESNAP_202604_EMP060,EMP060,PER060,四十七,EREL_202604_EMP060,COMP_NDSC,南大尚诚,,,SAL_202604_EMP060,10000.0,10000.0,员工,7000.0,3000.0,C,3000.0,,,0.0,10000.0,0.0,0.0,300.0,9700.0,,,,,,
PL_202604_EMP061,PAYROLL_202604,ESNAP_202604_EMP061,EMP061,PER061,四十八,EREL_202604_EMP061,COMP_NDSC,南大尚诚,,,SAL_202604_EMP061,10000.0,10000.0,员工,7000.0,3000.0,B,3600.0,,,0.0,10600.0,0.0,0.0,318.0,10282.0,,,,,,
PL_202604_EMP062,PAYROLL_202604,ESNAP_202604_EMP062,EMP062,PER062,四十九,EREL_202604_EMP062,COMP_NDSC,南大尚诚,,,SAL_202604_EMP062,10000.0,10000.0,员工,7000.0,3000.0,C,3000.0,,,0.0,10000.0,0.0,0.0,300.0,9700.0,,,,,,
PL_202604_EMP063,PAYROLL_202604,ESNAP_202604_EMP063,EMP063,PER063,五十,EREL_202604_EMP063,COMP_NDSC,南大尚诚,,,SAL_202604_EMP063,10000.0,10000.0,员工,7000.0,3000.0,C,3000.0,,,0.0,10000.0,0.0,0.0,300.0,9700.0,,,,,,
PL_202604_EMP064,PAYROLL_202604,ESNAP_202604_EMP064,EMP064,PER064,五十一,EREL_202604_EMP064,COMP_NDSC,南大尚诚,,,SAL_202604_EMP064,10000.0,10000.0,员工,7000.0,3000.0,C,3000.0,,,0.0,10000.0,0.0,0.0,300.0,9700.0,,,,,,
PL_202604_EMP065,PAYROLL_202604,ESNAP_202604_EMP065,EMP065,PER065,五十二,EREL_202604_EMP065,COMP_NDSC,南大尚诚,,,SAL_202604_EMP065,10000.0,10000.0,员工,7000.0,3000.0,C,3000.0,,,0.0,10000.0,0.0,0.0,300.0,9700.0,,,,,,
PL_202604_EMP066,PAYROLL_202604,ESNAP_202604_EMP066,EMP066,PER066,五十三,EREL_202604_EMP066,COMP_NDSC,南大尚诚,,,SAL_202604_EMP066,10000.0,10000.0,员工,7000.0,3000.0,C,3000.0,,,0.0,10000.0,0.0,0.0,300.0,9700.0,,,,,,
PL_202604_EMP067,PAYROLL_202604,ESNAP_202604_EMP067,EMP067,PER067,五十四,EREL_202604_EMP067,COMP_NDSC,南大尚诚,,,SAL_202604_EMP067,10000.0,10000.0,员工,7000.0,3000.0,C,3000.0,,,0.0,10000.0,0.0,0.0,300.0,9700.0,,,,,,
PL_202604_EMP068,PAYROLL_202604,ESNAP_202604_EMP068,EMP068,PER068,五十五,EREL_202604_EMP068,COMP_NDSC,南大尚诚,,,SAL_202604_EMP068,10000.0,10000.0,员工,7000.0,3000.0,C,3000.0,,,0.0,10000.0,0.0,0.0,330.0,9670.0,,,,,,
PL_202604_EMP069,PAYROLL_202604,ESNAP_202604_EMP069,EMP069,PER069,五十六,EREL_202604_EMP069,COMP_NDSC,南大尚诚,,,SAL_202604_EMP069,10000.0,10000.0,员工,7000.0,3000.0,B,3600.0,,,0.0,10600.0,0.0,0.0,318.0,10282.0,,,,,,
PL_202604_EMP070,PAYROLL_202604,ESNAP_202604_EMP070,EMP070,PER070,五十七,EREL_202604_EMP070,COMP_NDSC,南大尚诚,,,SAL_202604_EMP070,10000.0,10000.0,员工,7000.0,3000.0,C,3000.0,,,0.0,10000.0,0.0,0.0,300.0,9700.0,,,,,,
PL_202604_EMP071,PAYROLL_202604,ESNAP_202604_EMP071,EMP071,PER071,五十八,EREL_202604_EMP071,COMP_NDSC,南大尚诚,,,SAL_202604_EMP071,10000.0,10000.0,员工,7000.0,3000.0,C,3000.0,,,0.0,10000.0,0.0,0.0,300.0,9700.0,,,,,,
PL_202604_EMP072,PAYROLL_202604,ESNAP_202604_EMP072,EMP072,PER072,五十九,EREL_202604_EMP072,COMP_NDSC,南大尚诚,,,SAL_202604_EMP072,10000.0,10000.0,员工,7000.0,3000.0,C,3000.0,,,0.0,10000.0,0.0,0.0,300.0,9700.0,,,,,,
PL_202604_EMP073,PAYROLL_202604,ESNAP_202604_EMP073,EMP073,PER073,六十,EREL_202604_EMP073,COMP_NDSC,南大尚诚,,,SAL_202604_EMP073,10000.0,10000.0,员工,7000.0,3000.0,C,3000.0,,,0.0,10000.0,0.0,0.0,300.0,9700.0,,,,,,
PL_202604_EMP074,PAYROLL_202604,ESNAP_202604_EMP074,EMP074,PER074,六十一,EREL_202604_EMP074,COMP_NDSC,南大尚诚,,,SAL_202604_EMP074,10000.0,10000.0,员工,7000.0,3000.0,C,3000.0,,,0.0,10000.0,0.0,0.0,300.0,9700.0,,,,,,
PL_202604_EMP075,PAYROLL_202604,ESNAP_202604_EMP075,EMP075,PER075,六十二,EREL_202604_EMP075,COMP_NDSC,南大尚诚,,,SAL_202604_EMP075,10000.0,10000.0,员工,7000.0,3000.0,C,3000.0,,,0.0,10000.0,0.0,0.0,300.0,9700.0,,,,,,
PL_202604_EMP076,PAYROLL_202604,ESNAP_202604_EMP076,EMP076,PER076,六十三,EREL_202604_EMP076,COMP_NDSC,南大尚诚,,,SAL_202604_EMP076,10000.0,10000.0,员工,7000.0,3000.0,C,3000.0,,,0.0,10000.0,0.0,0.0,300.0,9700.0,,,,,,
PL_202604_EMP077,PAYROLL_202604,ESNAP_202604_EMP077,EMP077,PER077,六十四,EREL_202604_EMP077,COMP_NDSC,南大尚诚,,,SAL_202604_EMP077,10000.0,10000.0,员工,7000.0,3000.0,C,3000.0,,,0.0,10000.0,0.0,0.0,300.0,9700.0,,,,,,
PL_202604_EMP078,PAYROLL_202604,ESNAP_202604_EMP078,EMP078,PER078,六十五,EREL_202604_EMP078,COMP_NDSC,南大尚诚,,,SAL_202604_EMP078,10000.0,10000.0,员工,7000.0,3000.0,C,3000.0,,,0.0,10000.0,0.0,0.0,300.0,9700.0,,,,,,
PL_202604_EMP079,PAYROLL_202604,ESNAP_202604_EMP079,EMP079,PER079,六十六,EREL_202604_EMP079,COMP_NDSC,南大尚诚,,,SAL_202604_EMP079,10000.0,10000.0,员工,7000.0,3000.0,C,3000.0,,,0.0,10000.0,0.0,0.0,300.0,9700.0,,,,,,
PL_202604_EMP080,PAYROLL_202604,ESNAP_202604_EMP080,EMP080,PER080,六十七,EREL_202604_EMP080,COMP_NDSC,南大尚诚,,,SAL_202604_EMP080,10000.0,10000.0,员工,7000.0,3000.0,C,3000.0,,,0.0,10000.0,0.0,0.0,300.0,9700.0,,,,,,
PL_202604_EMP081,PAYROLL_202604,ESNAP_202604_EMP081,EMP081,PER081,六十八,EREL_202604_EMP081,COMP_NDSC,南大尚诚,,,SAL_202604_EMP081,10000.0,10000.0,员工,7000.0,3000.0,C,3000.0,,,0.0,10000.0,0.0,0.0,300.0,9700.0,,,,,,
PL_202604_EMP082,PAYROLL_202604,ESNAP_202604_EMP082,EMP082,PER082,六十九,EREL_202604_EMP082,COMP_SCNY,尚诚能源,,,SAL_202604_EMP082,10000.0,10000.0,员工,7000.0,3000.0,C,3000.0,,,0.0,10000.0,0.0,0.0,300.0,9700.0,,,,,,
PL_202604_EMP083,PAYROLL_202604,ESNAP_202604_EMP083,EMP083,PER083,七十,EREL_202604_EMP083,COMP_NDSC,南大尚诚,,,SAL_202604_EMP083,10000.0,10000.0,员工,7000.0,3000.0,C,3000.0,,,0.0,10000.0,0.0,0.0,300.0,9700.0,,,,,,
PL_202604_EMP084,PAYROLL_202604,ESNAP_202604_EMP084,EMP084,PER084,七十一,EREL_202604_EMP084,COMP_NDSC,南大尚诚,,,SAL_202604_EMP084,10000.0,10000.0,员工,7000.0,3000.0,C,3000.0,,,0.0,10000.0,0.0,0.0,300.0,9700.0,,,,,,
PL_202604_EMP085,PAYROLL_202604,ESNAP_202604_EMP085,EMP085,PER085,七十二,EREL_202604_EMP085,COMP_NDSC,南大尚诚,,,SAL_202604_EMP085,10000.0,10000.0,员工,7000.0,3000.0,C,3000.0,,,0.0,10000.0,0.0,0.0,300.0,9700.0,,,,,,
PL_202604_EMP086,PAYROLL_202604,ESNAP_202604_EMP086,EMP086,PER086,七十三,EREL_202604_EMP086,COMP_NDSC,南大尚诚,,,SAL_202604_EMP086,10000.0,10000.0,员工,7000.0,3000.0,C,3000.0,,,0.0,10000.0,0.0,0.0,300.0,9700.0,,,,,,
PL_202604_EMP087,PAYROLL_202604,ESNAP_202604_EMP087,EMP087,PER087,七十四,EREL_202604_EMP087,COMP_SCNY,尚诚能源,,,SAL_202604_EMP087,10000.0,10000.0,员工,7000.0,3000.0,C,3000.0,,,0.0,10000.0,0.0,0.0,300.0,9700.0,,,,,,
PL_202604_EMP088,PAYROLL_202604,ESNAP_202604_EMP088,EMP088,PER088,七十五,EREL_202604_EMP088,COMP_NDSC,南大尚诚,,,SAL_202604_EMP088,10000.0,10000.0,员工,7000.0,3000.0,C,3000.0,,,0.0,10000.0,0.0,0.0,300.0,9700.0,,,,,,
PL_202604_EMP089,PAYROLL_202604,ESNAP_202604_EMP089,EMP089,PER089,七十六,EREL_202604_EMP089,COMP_NDSC,南大尚诚,,,SAL_202604_EMP089,10000.0,10000.0,员工,7000.0,3000.0,C,3000.0,,,2298.85,12298.85,0.0,0.0,368.97,11929.88,,,,,,
PL_202604_EMP090,PAYROLL_202604,ESNAP_202604_EMP090,EMP090,PER090,七十七,EREL_202604_EMP090,COMP_NDSC,南大尚诚,,,SAL_202604_EMP090,10000.0,10000.0,员工,7000.0,3000.0,C,3000.0,,,0.0,10000.0,0.0,0.0,0.0,10000.0,,,,,,
PL_202604_EMP091,PAYROLL_202604,ESNAP_202604_EMP091,EMP091,PER091,七十八,EREL_202604_EMP091,COMP_NDSC,南大尚诚,,,SAL_202604_EMP091,10000.0,10000.0,员工,7000.0,3000.0,C,3000.0,,,0.0,10000.0,0.0,0.0,300.0,9700.0,,,,,,
PL_202604_EMP092,PAYROLL_202604,ESNAP_202604_EMP092,EMP092,PER092,七十九,EREL_202604_EMP092,COMP_NDSC,南大尚诚,,,SAL_202604_EMP092,10000.0,10000.0,员工,7000.0,3000.0,C,3000.0,,,0.0,10000.0,0.0,0.0,300.0,9700.0,,,,,,
PL_202604_EMP093,PAYROLL_202604,ESNAP_202604_EMP093,EMP093,PER093,八十,EREL_202604_EMP093,COMP_NDSC,南大尚诚,,,SAL_202604_EMP093,10000.0,10000.0,员工,7000.0,3000.0,C,3000.0,,,0.0,10000.0,0.0,0.0,300.0,9700.0,,,,,,
PL_202604_EMP094,PAYROLL_202604,ESNAP_202604_EMP094,EMP094,PER094,八十一,EREL_202604_EMP094,COMP_NDSC,南大尚诚,,,SAL_202604_EMP094,10000.0,10000.0,员工,7000.0,3000.0,C,3000.0,,,0.0,10000.0,0.0,0.0,300.0,9700.0,,,,,,
PL_202604_EMP095,PAYROLL_202604,ESNAP_202604_EMP095,EMP095,PER095,八十二,EREL_202604_EMP095,COMP_NDSC,南大尚诚,,,SAL_202604_EMP095,10000.0,10000.0,员工,7000.0,3000.0,C,3000.0,,,0.0,10000.0,0.0,0.0,300.0,9700.0,,,,,,
PL_202604_EMP096,PAYROLL_202604,ESNAP_202604_EMP096,EMP096,PER096,八十三,EREL_202604_EMP096,COMP_SCNY,尚诚能源,,,SAL_202604_EMP096,10000.0,10000.0,员工,7000.0,3000.0,C,3000.0,,,-160.92,9839.08,0.0,0.0,295.17,9543.91,,,,,,
PL_202604_EMP097,PAYROLL_202604,ESNAP_202604_EMP097,EMP097,PER097,八十四,EREL_202604_EMP097,COMP_NDSC,南大尚诚,,,SAL_202604_EMP097,10000.0,10000.0,员工,7000.0,3000.0,C,3000.0,,,0.0,10000.0,0.0,0.0,300.0,9700.0,,,,,,
PL_202604_EMP098,PAYROLL_202604,ESNAP_202604_EMP098,EMP098,PER098,八十五,EREL_202604_EMP098,COMP_SCNY,尚诚能源,,,SAL_202604_EMP098,10000.0,10000.0,员工,7000.0,3000.0,C,3000.0,,,0.0,10000.0,0.0,0.0,300.0,9700.0,,,,,,
PL_202604_EMP099,PAYROLL_202604,ESNAP_202604_EMP099,EMP099,PER099,八十六,EREL_202604_EMP099,COMP_NDSC,南大尚诚,,,SAL_202604_EMP099,10000.0,10000.0,员工,7000.0,3000.0,C,3000.0,,,0.0,10000.0,0.0,0.0,300.0,9700.0,,,,,,
PL_202604_EMP100,PAYROLL_202604,ESNAP_202604_EMP100,EMP100,PER100,八十七,EREL_202604_EMP100,COMP_NDSC,南大尚诚,,,SAL_202604_EMP100,10000.0,10000.0,员工,7000.0,3000.0,C,3000.0,,,0.0,10000.0,0.0,0.0,300.0,9700.0,,,,,,
PL_202604_EMP101,PAYROLL_202604,ESNAP_202604_EMP101,EMP101,PER101,八十八,EREL_202604_EMP101,COMP_NDSC,南大尚诚,,,SAL_202604_EMP101,10000.0,10000.0,部门负责人,6000.0,4000.0,C,4000.0,,,0.0,10000.0,0.0,0.0,300.0,9700.0,,,,,,
PL_202604_EMP102,PAYROLL_202604,ESNAP_202604_EMP102,EMP102,PER102,八十九,EREL_202604_EMP102,COMP_JS,基石,,,SAL_202604_EMP102,10000.0,10000.0,员工,7000.0,3000.0,C,3000.0,,,0.0,10000.0,1060.0,1200.0,,,,,,,,
PL_202604_EMP103,PAYROLL_202604,ESNAP_202604_EMP103,EMP103,PER103,九十,EREL_202604_EMP103,COMP_NDSC,南大尚诚,,,SAL_202604_EMP103,10000.0,10000.0,员工,7000.0,3000.0,C,3000.0,,,0.0,10000.0,0.0,0.0,300.0,9700.0,,,,,,
PL_202604_EMP104,PAYROLL_202604,ESNAP_202604_EMP104,EMP104,PER104,九十一,EREL_202604_EMP104,COMP_NDSC,南大尚诚,,,SAL_202604_EMP104,10000.0,10000.0,员工,7000.0,3000.0,C,3000.0,,,0.0,10000.0,0.0,0.0,300.0,9700.0,,,,,,
PL_202604_EMP105,PAYROLL_202604,ESNAP_202604_EMP105,EMP105,PER105,九十二,EREL_202604_EMP105,COMP_SCNY,尚诚能源,,,SAL_202604_EMP105,10000.0,10000.0,员工,7000.0,3000.0,C,3000.0,,,0.0,10000.0,0.0,0.0,300.0,9700.0,,,,,,
PL_202604_EMP106,PAYROLL_202604,ESNAP_202604_EMP106,EMP106,PER106,九十三,EREL_202604_EMP106,COMP_NDSC,南大尚诚,,,SAL_202604_EMP106,10000.0,10000.0,员工,7000.0,3000.0,D,2400.0,,,0.0,9400.0,0.0,0.0,282.0,9118.0,,,,,,
PL_202604_EMP107,PAYROLL_202604,ESNAP_202604_EMP107,EMP107,PER107,九十四,EREL_202604_EMP107,COMP_NDSC,南大尚诚,,,SAL_202604_EMP107,10000.0,10000.0,员工,7000.0,3000.0,C,3000.0,,,0.0,10000.0,0.0,0.0,300.0,9700.0,,,,,,
PL_202604_EMP108,PAYROLL_202604,ESNAP_202604_EMP108,EMP108,PER108,九十五,EREL_202604_EMP108,COMP_NDSC,南大尚诚,,,SAL_202604_EMP108,10000.0,10000.0,员工,7000.0,3000.0,C,3000.0,,,0.0,10000.0,0.0,0.0,300.0,9700.0,,,,,,
PL_202604_EMP109,PAYROLL_202604,ESNAP_202604_EMP109,EMP109,PER109,九十六,EREL_202604_EMP109,COMP_NDSC,南大尚诚,,,SAL_202604_EMP109,10000.0,10000.0,员工,7000.0,3000.0,C,3000.0,,,0.0,10000.0,0.0,0.0,300.0,9700.0,,,,,,
PL_202604_EMP110,PAYROLL_202604,ESNAP_202604_EMP110,EMP110,PER110,九十七,EREL_202604_EMP110,COMP_SCNY,尚诚能源,,,SAL_202604_EMP110,10000.0,10000.0,员工,7000.0,3000.0,C,3000.0,,,0.0,10000.0,0.0,0.0,300.0,9700.0,,,,,,
PL_202604_EMP111,PAYROLL_202604,ESNAP_202604_EMP111,EMP111,PER111,九十八,EREL_202604_EMP111,COMP_NDSC,南大尚诚,,,SAL_202604_EMP111,10000.0,10000.0,员工,7000.0,3000.0,C,3000.0,,,0.0,10000.0,0.0,0.0,300.0,9700.0,,,,,,
PL_202604_EMP112,PAYROLL_202604,ESNAP_202604_EMP112,EMP112,PER112,九十九,EREL_202604_EMP112,COMP_NDSC,南大尚诚,,,SAL_202604_EMP112,10000.0,10000.0,员工,7000.0,3000.0,C,3000.0,,,0.0,10000.0,0.0,0.0,300.0,9700.0,,,,,,
PL_202604_EMP113,PAYROLL_202604,ESNAP_202604_EMP113,EMP113,PER113,一百,EREL_202604_EMP113,COMP_NDSC,南大尚诚,,,SAL_202604_EMP113,10000.0,10000.0,员工,7000.0,3000.0,C,3000.0,,,0.0,10000.0,0.0,0.0,300.0,9700.0,,,,,,
PL_202604_EMP114,PAYROLL_202604,ESNAP_202604_EMP114,EMP114,PER114,一百〇一,EREL_202604_EMP114,COMP_NDSC,南大尚诚,,,SAL_202604_EMP114,10000.0,10000.0,员工,7000.0,3000.0,D,2400.0,,,0.0,9400.0,0.0,0.0,282.0,9118.0,,,,,,
PL_202604_EMP115,PAYROLL_202604,ESNAP_202604_EMP115,EMP115,PER115,一百〇二,EREL_202604_EMP115,COMP_NDSC,南大尚诚,,,SAL_202604_EMP115,10000.0,10000.0,员工,7000.0,3000.0,C,3000.0,,,0.0,10000.0,0.0,0.0,300.0,9700.0,,,,,,
PL_202604_EMP116,PAYROLL_202604,ESNAP_202604_EMP116,EMP116,PER116,一百〇三,EREL_202604_EMP116,COMP_NDSC,南大尚诚,,,SAL_202604_EMP116,10000.0,10000.0,员工,7000.0,3000.0,C,3000.0,,,0.0,10000.0,0.0,0.0,300.0,9700.0,,,,,,
PL_202604_EMP117,PAYROLL_202604,ESNAP_202604_EMP117,EMP117,PER117,一百〇四,EREL_202604_EMP117,COMP_NDSC,南大尚诚,,,SAL_202604_EMP117,10000.0,10000.0,员工,7000.0,3000.0,C,3000.0,,,0.0,10000.0,0.0,0.0,300.0,9700.0,,,,,,
PL_202604_EMP118,PAYROLL_202604,ESNAP_202604_EMP118,EMP118,PER118,一百〇五,EREL_202604_EMP118,COMP_NDSC,南大尚诚,,,SAL_202604_EMP118,10000.0,10000.0,员工,7000.0,3000.0,C,3000.0,,,0.0,10000.0,0.0,0.0,300.0,9700.0,,,,,,
PL_202604_EMP119,PAYROLL_202604,ESNAP_202604_EMP119,EMP119,PER119,一百〇六,EREL_202604_EMP119,COMP_NDSC,南大尚诚,,,SAL_202604_EMP119,10000.0,10000.0,员工,7000.0,3000.0,D,2400.0,,,0.0,9400.0,0.0,0.0,282.0,9118.0,,,,,,
PL_202604_EMP120,PAYROLL_202604,ESNAP_202604_EMP120,EMP120,PER120,一百〇七,EREL_202604_EMP120,COMP_NDSC,南大尚诚,,,SAL_202604_EMP120,10000.0,10000.0,员工,7000.0,3000.0,C,3000.0,,,0.0,10000.0,0.0,0.0,300.0,9700.0,,,,,,
PL_202604_EMP121,PAYROLL_202604,ESNAP_202604_EMP121,EMP121,PER121,一百〇八,EREL_202604_EMP121,COMP_NDSC,南大尚诚,,,SAL_202604_EMP121,10000.0,10000.0,员工,7000.0,3000.0,C,3000.0,,,0.0,10000.0,0.0,0.0,300.0,9700.0,,,,,,
PL_202604_EMP122,PAYROLL_202604,ESNAP_202604_EMP122,EMP122,PER122,一百〇九,EREL_202604_EMP122,COMP_NDSC,南大尚诚,,,SAL_202604_EMP122,10000.0,10000.0,员工,7000.0,3000.0,B,3600.0,,,0.0,10600.0,0.0,0.0,318.0,10282.0,,,,,,
PL_202604_EMP123,PAYROLL_202604,ESNAP_202604_EMP123,EMP123,PER123,一百一十,EREL_202604_EMP123,COMP_SCNY,尚诚能源,,,SAL_202604_EMP123,10000.0,10000.0,员工,7000.0,3000.0,C,3000.0,,,0.0,10000.0,0.0,0.0,300.0,9700.0,,,,,,
PL_202604_EMP124,PAYROLL_202604,ESNAP_202604_EMP124,EMP124,PER124,一百一十一,EREL_202604_EMP124,COMP_NDSC,南大尚诚,,,SAL_202604_EMP124,10000.0,10000.0,员工,7000.0,3000.0,C,3000.0,,,0.0,10000.0,0.0,0.0,300.0,9700.0,,,,,,
PL_202604_EMP125,PAYROLL_202604,ESNAP_202604_EMP125,EMP125,PER125,一百一十二,EREL_202604_EMP125,COMP_NDSC,南大尚诚,,,SAL_202604_EMP125,10000.0,10000.0,员工,7000.0,3000.0,C,3000.0,,,0.0,10000.0,0.0,0.0,300.0,9700.0,,,,,,
PL_202604_EMP126,PAYROLL_202604,ESNAP_202604_EMP126,EMP126,PER126,一百一十三,EREL_202604_EMP126,COMP_SCNY,尚诚能源,,,SAL_202604_EMP126,10000.0,10000.0,员工,7000.0,3000.0,C,3000.0,,,0.0,10000.0,0.0,0.0,300.0,9700.0,,,,,,
PL_202604_EMP127,PAYROLL_202604,ESNAP_202604_EMP127,EMP127,PER127,一百一十四,EREL_202604_EMP127,COMP_NDSC,南大尚诚,,,SAL_202604_EMP127,10000.0,10000.0,员工,7000.0,3000.0,C,3000.0,,,0.0,10000.0,0.0,0.0,300.0,9700.0,,,,,,
PL_202604_EMP128,PAYROLL_202604,ESNAP_202604_EMP128,EMP128,PER128,一百一十五,EREL_202604_EMP128,COMP_NDSC,南大尚诚,,,SAL_202604_EMP128,10000.0,10000.0,员工,7000.0,3000.0,C,3000.0,,,0.0,10000.0,0.0,0.0,300.0,9700.0,,,,,,
PL_202604_EMP129,PAYROLL_202604,ESNAP_202604_EMP129,EMP129,PER129,一百一十六,EREL_202604_EMP129,COMP_NDSC,南大尚诚,,,SAL_202604_EMP129,10000.0,10000.0,员工,7000.0,3000.0,C,3000.0,,,0.0,10000.0,0.0,0.0,300.0,9700.0,,,,,,
PL_202604_EMP130,PAYROLL_202604,ESNAP_202604_EMP130,EMP130,PER130,一百一十七,EREL_202604_EMP130,COMP_NDSC,南大尚诚,,,SAL_202604_EMP130,10000.0,10000.0,员工,7000.0,3000.0,C,3000.0,,,0.0,10000.0,0.0,0.0,300.0,9700.0,,,,,,
PL_202604_EMP131,PAYROLL_202604,ESNAP_202604_EMP131,EMP131,PER131,一百一十八,EREL_202604_EMP131,COMP_NDSC,南大尚诚,,,SAL_202604_EMP131,10000.0,10000.0,员工,7000.0,3000.0,C,3000.0,,,0.0,10000.0,0.0,0.0,300.0,9700.0,,,,,,
PL_202604_EMP132,PAYROLL_202604,ESNAP_202604_EMP132,EMP132,PER132,一百一十九,EREL_202604_EMP132,COMP_NDSC,南大尚诚,,,SAL_202604_EMP132,10000.0,10000.0,员工,7000.0,3000.0,C,3000.0,,,0.0,10000.0,0.0,0.0,300.0,9700.0,,,,,,
PL_202604_EMP133,PAYROLL_202604,ESNAP_202604_EMP133,EMP133,PER133,一百二十,EREL_202604_EMP133,COMP_NDSC,南大尚诚,,,SAL_202604_EMP133,10000.0,10000.0,员工,7000.0,3000.0,C,3000.0,,,-804.6,9195.4,0.0,0.0,275.86,8919.54,,,,,,
PL_202604_EMP134,PAYROLL_202604,ESNAP_202604_EMP134,EMP134,PER134,一百二十一,EREL_202604_EMP134,COMP_NDSC,南大尚诚,,,SAL_202604_EMP134,10000.0,10000.0,员工,7000.0,3000.0,C,3000.0,,,0.0,10000.0,0.0,0.0,300.0,9700.0,,,,,,
PL_202604_EMP135,PAYROLL_202604,ESNAP_202604_EMP135,EMP135,PER135,一百二十二,EREL_202604_EMP135,COMP_NDSC,南大尚诚,,,SAL_202604_EMP135,10000.0,10000.0,员工,7000.0,3000.0,C,3000.0,,,0.0,10000.0,0.0,0.0,300.0,9700.0,,,,,,
PL_202604_EMP136,PAYROLL_202604,ESNAP_202604_EMP136,EMP136,PER136,一百二十三,EREL_202604_EMP136,COMP_NDSC,南大尚诚,,,SAL_202604_EMP136,10000.0,10000.0,员工,7000.0,3000.0,C,3000.0,,,0.0,10000.0,0.0,0.0,300.0,9700.0,,,,,,
PL_202604_EMP137,PAYROLL_202604,ESNAP_202604_EMP137,EMP137,PER137,一百二十四,EREL_202604_EMP137,COMP_NDSC,南大尚诚,,,SAL_202604_EMP137,10000.0,10000.0,员工,7000.0,3000.0,C,3000.0,,,0.0,10000.0,0.0,0.0,300.0,9700.0,,,,,,
PL_202604_EMP138,PAYROLL_202604,ESNAP_202604_EMP138,EMP138,PER138,一百二十五,EREL_202604_EMP138,COMP_NDSC,南大尚诚,,,SAL_202604_EMP138,10000.0,10000.0,员工,7000.0,3000.0,C,3000.0,,,0.0,10000.0,0.0,0.0,300.0,9700.0,,,,,,
PL_202604_EMP139,PAYROLL_202604,ESNAP_202604_EMP139,EMP139,PER139,一百二十六,EREL_202604_EMP139,COMP_NDSC,南大尚诚,,,SAL_202604_EMP139,10000.0,10000.0,员工,7000.0,3000.0,C,3000.0,,,0.0,10000.0,0.0,0.0,300.0,9700.0,,,,,,
PL_202604_EMP140,PAYROLL_202604,ESNAP_202604_EMP140,EMP140,PER140,一百二十七,EREL_202604_EMP140,COMP_NDSC,南大尚诚,,,SAL_202604_EMP140,10000.0,10000.0,员工,7000.0,3000.0,C,3000.0,,,0.0,10000.0,0.0,0.0,300.0,9700.0,,,,,,
PL_202604_EMP141,PAYROLL_202604,ESNAP_202604_EMP141,EMP141,PER141,一百二十八,EREL_202604_EMP141,COMP_NDSC,南大尚诚,,,SAL_202604_EMP141,10000.0,10000.0,员工,7000.0,3000.0,C,3000.0,,,0.0,10000.0,0.0,0.0,300.0,9700.0,,,,,,
PL_202604_EMP142,PAYROLL_202604,ESNAP_202604_EMP142,EMP142,PER142,一百二十九,EREL_202604_EMP142,COMP_NDSC,南大尚诚,,,SAL_202604_EMP142,10000.0,10000.0,员工,7000.0,3000.0,C,3000.0,,,0.0,10000.0,0.0,0.0,300.0,9700.0,,,,,,
PL_202604_EMP143,PAYROLL_202604,ESNAP_202604_EMP143,EMP143,PER143,一百三十,EREL_202604_EMP143,COMP_NDSC,南大尚诚,,,SAL_202604_EMP143,10000.0,10000.0,员工,7000.0,3000.0,C,3000.0,,,0.0,10000.0,0.0,0.0,300.0,9700.0,,,,,,
PL_202604_EMP144,PAYROLL_202604,ESNAP_202604_EMP144,EMP144,PER144,一百三十一,EREL_202604_EMP144,COMP_NDSC,南大尚诚,,,SAL_202604_EMP144,10000.0,10000.0,员工,7000.0,3000.0,C,3000.0,,,0.0,10000.0,0.0,0.0,162.73,9837.27,,,,,,
PL_202604_EMP145,PAYROLL_202604,ESNAP_202604_EMP145,EMP145,PER145,一百三十二,EREL_202604_EMP145,COMP_NDSC,南大尚诚,,,SAL_202604_EMP145,10000.0,3218.39,员工,2252.87,965.52,C,965.52,,,0.0,3218.39,0.0,0.0,96.55,3121.84,,,,,,
PL_202604_EMP146,PAYROLL_202604,ESNAP_202604_EMP146,EMP146,PER146,一百三十三,EREL_202604_EMP146,COMP_NDSC,南大尚诚,,,SAL_202604_EMP146,10000.0,10000.0,员工,7000.0,3000.0,C,3000.0,,,0.0,10000.0,0.0,0.0,300.0,9700.0,,,,,,
PL_202604_EMP147,PAYROLL_202604,ESNAP_202604_EMP147,EMP147,PER147,一百三十四,EREL_202604_EMP147,COMP_NDSC,南大尚诚,,,SAL_202604_EMP147,10000.0,10000.0,员工,7000.0,3000.0,C,3000.0,,,0.0,10000.0,0.0,0.0,300.0,9700.0,,,,,,
PL_202604_EMP148,PAYROLL_202604,ESNAP_202604_EMP148,EMP148,PER148,一百三十五,EREL_202604_EMP148,COMP_SCNY,尚诚能源,,,SAL_202604_EMP148,,2520.0,实习生,2520.0,0.0,无等级,0.0,,,0.0,2520.0,0.0,0.0,75.6,2444.4,,,,,,
PL_202604_EMP149,PAYROLL_202604,ESNAP_202604_EMP149,EMP149,PER149,一百三十六,EREL_202604_EMP149,COMP_SCNY,尚诚能源,,,SAL_202604_EMP149,,840.0,实习生,840.0,0.0,无等级,0.0,,,0.0,840.0,0.0,0.0,25.2,814.8,,,,,,
PL_202604_EMP150,PAYROLL_202604,ESNAP_202604_EMP150,EMP150,PER150,一百三十七,EREL_202604_EMP150,COMP_NDSC,南大尚诚,,,SAL_202604_EMP150,10000.0,9533.33,员工,6673.33,2860.0,C,2860.0,,,0.0,9533.33,0.0,0.0,286.0,9247.33,,,,,,
PL_202604_EMP151,PAYROLL_202604,ESNAP_202604_EMP151,EMP151,PER151,一百三十八,EREL_202604_EMP151,COMP_NDSC,南大尚诚,,,SAL_202604_EMP151,10000.0,10000.0,员工,7000.0,3000.0,D,2400.0,,,0.0,9400.0,0.0,0.0,282.0,9118.0,,,,,,
PL_202604_EMP152,PAYROLL_202604,ESNAP_202604_EMP152,EMP152,PER152,一百三十九,EREL_202604_EMP152,COMP_NDSC,南大尚诚,,,SAL_202604_EMP152,10000.0,10000.0,员工,7000.0,3000.0,C,3000.0,,,0.0,10000.0,0.0,0.0,255.9,9744.1,,,,,,
PL_202604_EMP153,PAYROLL_202604,ESNAP_202604_EMP153,EMP153,PER153,一百四十,EREL_202604_EMP153,COMP_NDSC,南大尚诚,,,SAL_202604_EMP153,10000.0,10000.0,员工,7000.0,3000.0,C,3000.0,,,0.0,10000.0,0.0,0.0,300.0,9700.0,,,,,,
PL_202604_EMP154,PAYROLL_202604,ESNAP_202604_EMP154,EMP154,PER154,一百四十一,EREL_202604_EMP154,COMP_NDSC,南大尚诚,,,SAL_202604_EMP154,10000.0,10000.0,员工,7000.0,3000.0,C,3000.0,,,0.0,10000.0,0.0,0.0,300.0,9700.0,,,,,,
PL_202604_EMP155,PAYROLL_202604,ESNAP_202604_EMP155,EMP155,PER155,一百四十二,EREL_202604_EMP155,COMP_NDSC,南大尚诚,,,SAL_202604_EMP155,10000.0,10000.0,员工,7000.0,3000.0,C,3000.0,,,0.0,10000.0,0.0,0.0,300.0,9700.0,,,,,,
PL_202604_EMP156,PAYROLL_202604,ESNAP_202604_EMP156,EMP156,PER156,一百四十三,EREL_202604_EMP156,COMP_NDSC,南大尚诚,,,SAL_202604_EMP156,10000.0,10000.0,员工,7000.0,3000.0,C,3000.0,,,0.0,10000.0,0.0,0.0,300.0,9700.0,,,,,,
PL_202604_EMP157,PAYROLL_202604,ESNAP_202604_EMP157,EMP157,PER157,一百四十四,EREL_202604_EMP157,COMP_NDSC,南大尚诚,,,SAL_202604_EMP157,10000.0,10000.0,员工,7000.0,3000.0,C,3000.0,,,0.0,10000.0,0.0,0.0,300.0,9700.0,,,,,,
PL_202604_EMP158,PAYROLL_202604,ESNAP_202604_EMP158,EMP158,PER158,一百四十五,EREL_202604_EMP158,COMP_NDSC,南大尚诚,,,SAL_202604_EMP158,10000.0,10000.0,员工,7000.0,3000.0,C,3000.0,,,0.0,10000.0,0.0,0.0,300.0,9700.0,,,,,,
PL_202604_EMP159,PAYROLL_202604,ESNAP_202604_EMP159,EMP159,PER159,一百四十六,EREL_202604_EMP159,COMP_NDSC,南大尚诚,,,SAL_202604_EMP159,10000.0,10000.0,员工,7000.0,3000.0,C,3000.0,,,0.0,10000.0,0.0,0.0,300.0,9700.0,,,,,,
PL_202604_EMP160,PAYROLL_202604,ESNAP_202604_EMP160,EMP160,PER160,一百四十七,EREL_202604_EMP160,COMP_NDSC,南大尚诚,,,SAL_202604_EMP160,10000.0,10000.0,员工,7000.0,3000.0,C,3000.0,,,0.0,10000.0,0.0,0.0,300.0,9700.0,,,,,,
PL_202604_EMP161,PAYROLL_202604,ESNAP_202604_EMP161,EMP161,PER161,一百四十八,EREL_202604_EMP161,COMP_NDSC,南大尚诚,,,SAL_202604_EMP161,10000.0,10000.0,员工,7000.0,3000.0,C,3000.0,,,0.0,10000.0,0.0,0.0,300.0,9700.0,,,,,,
PL_202604_EMP162,PAYROLL_202604,ESNAP_202604_EMP162,EMP162,PER162,一百四十九,EREL_202604_EMP162,COMP_NDSC,南大尚诚,,,SAL_202604_EMP162,10000.0,10000.0,员工,7000.0,3000.0,C,3000.0,,,0.0,10000.0,0.0,0.0,300.0,9700.0,,,,,,
PL_202604_EMP163,PAYROLL_202604,ESNAP_202604_EMP163,EMP163,PER163,一百五十,EREL_202604_EMP163,COMP_NDSC,南大尚诚,,,SAL_202604_EMP163,10000.0,10000.0,员工,7000.0,3000.0,C,3000.0,,,0.0,10000.0,0.0,0.0,300.0,9700.0,,,,,,
PL_202604_EMP164,PAYROLL_202604,ESNAP_202604_EMP164,EMP164,PER164,一百五十一,EREL_202604_EMP164,COMP_NDSC,南大尚诚,,,SAL_202604_EMP164,10000.0,10000.0,员工,7000.0,3000.0,C,3000.0,,,0.0,10000.0,0.0,0.0,300.0,9700.0,,,,,,
PL_202604_EMP165,PAYROLL_202604,ESNAP_202604_EMP165,EMP165,PER165,一百五十二,EREL_202604_EMP165,COMP_NDSC,南大尚诚,,,SAL_202604_EMP165,10000.0,4597.7,员工,3218.39,1379.31,C,1379.31,,,0.0,4597.7,0.0,0.0,137.93,4459.77,,,,,,
PL_202604_EMP166,PAYROLL_202604,ESNAP_202604_EMP166,EMP166,PER166,一百五十三,EREL_202604_EMP166,COMP_SCNY,尚诚能源,,,SAL_202604_EMP166,10000.0,10000.0,员工,7000.0,3000.0,C,3000.0,,,0.0,10000.0,0.0,0.0,300.0,9700.0,,,,,,
PL_202604_EMP167,PAYROLL_202604,ESNAP_202604_EMP167,EMP167,PER167,一百五十四,EREL_202604_EMP167,COMP_SCNY,尚诚能源,,,SAL_202604_EMP167,,960.0,实习生,960.0,0.0,无等级,0.0,,,0.0,960.0,0.0,0.0,28.8,931.2,,,,,,
PL_202604_EMP168,PAYROLL_202604,ESNAP_202604_EMP168,EMP168,PER168,一百五十五,EREL_202604_EMP168,COMP_NDSC,南大尚诚,,,SAL_202604_EMP168,10000.0,10000.0,员工,7000.0,3000.0,C,3000.0,,,0.0,10000.0,0.0,0.0,300.0,9700.0,,,,,,
PL_202604_EMP169,PAYROLL_202604,ESNAP_202604_EMP169,EMP169,PER169,一百五十六,EREL_202604_EMP169,COMP_NDSC,南大尚诚,,,SAL_202604_EMP169,10000.0,10000.0,员工,7000.0,3000.0,C,3000.0,,,0.0,10000.0,0.0,0.0,300.0,9700.0,,,,,,
PL_202604_EMP170,PAYROLL_202604,ESNAP_202604_EMP170,EMP170,PER170,一百五十七,EREL_202604_EMP170,COMP_SCNY,尚诚能源,,,SAL_202604_EMP170,10000.0,3678.16,员工,2574.71,1103.45,C,1103.45,,,0.0,3678.16,0.0,0.0,110.34,3567.82,,,,,,
PL_202604_EMP171,PAYROLL_202604,ESNAP_202604_EMP171,EMP171,PER171,一百五十八,EREL_202604_EMP171,COMP_SCNY,尚诚能源,,,SAL_202604_EMP171,,2160.0,实习生,2160.0,0.0,无等级,0.0,,,0.0,2160.0,0.0,0.0,64.8,2095.2,,,,,,
PL_202604_EMP172,PAYROLL_202604,ESNAP_202604_EMP172,EMP172,PER172,一百五十九,EREL_202604_EMP172,COMP_NDSC,南大尚诚,,,SAL_202604_EMP172,10000.0,10000.0,员工,7000.0,3000.0,C,3000.0,,,0.0,10000.0,0.0,0.0,300.0,9700.0,,,,,,
PL_202604_EMP173,PAYROLL_202604,ESNAP_202604_EMP173,EMP173,PER173,一百六十,EREL_202604_EMP173,COMP_NDSC,南大尚诚,,,SAL_202604_EMP173,10000.0,10000.0,员工,7000.0,3000.0,B,3600.0,,,0.0,10600.0,0.0,0.0,318.0,10282.0,,,,,,
PL_202604_EMP174,PAYROLL_202604,ESNAP_202604_EMP174,EMP174,PER174,一百六十一,EREL_202604_EMP174,COMP_NDSC,南大尚诚,,,SAL_202604_EMP174,10000.0,8275.86,员工,5793.1,2482.76,C,2482.76,,,0.0,8275.86,0.0,0.0,248.28,8027.58,,,,,,
PL_202604_EMP175,PAYROLL_202604,ESNAP_202604_EMP175,EMP175,PER175,一百六十二,EREL_202604_EMP175,COMP_NDSC,南大尚诚,,,SAL_202604_EMP175,10000.0,10000.0,员工,7000.0,3000.0,C,3000.0,,,0.0,10000.0,0.0,0.0,300.0,9700.0,,,,,,
PL_202604_EMP176,PAYROLL_202604,ESNAP_202604_EMP176,EMP176,PER176,一百六十三,EREL_202604_EMP176,COMP_NDSC,南大尚诚,,,SAL_202604_EMP176,10000.0,10000.0,员工,7000.0,3000.0,C,3000.0,,,0.0,10000.0,0.0,0.0,300.0,9700.0,,,,,,
PL_202604_EMP177,PAYROLL_202604,ESNAP_202604_EMP177,EMP177,PER177,一百六十四,EREL_202604_EMP177,COMP_NDSC,南大尚诚,,,SAL_202604_EMP177,10000.0,10000.0,员工,7000.0,3000.0,C,3000.0,,,0.0,10000.0,0.0,0.0,300.0,9700.0,,,,,,
PL_202604_EMP178,PAYROLL_202604,ESNAP_202604_EMP178,EMP178,PER178,一百六十五,EREL_202604_EMP178,COMP_南大尚诚（人力）,南大尚诚（人力）,AFF_COMP_南大尚诚（人力）_南大尚诚（人力）,南大尚诚（人力）,SAL_202604_EMP178,3500.0,3500.0,人力劳务,3500.0,0.0,无等级,0.0,,,0.0,3500.0,,,,,,,,,,
PL_202604_EMP179,PAYROLL_202604,ESNAP_202604_EMP179,EMP179,PER179,一百六十六,EREL_202604_EMP179,COMP_南大尚诚（人力）,南大尚诚（人力）,AFF_COMP_南大尚诚（人力）_南大尚诚（人力）,南大尚诚（人力）,SAL_202604_EMP179,3500.0,3500.0,人力劳务,3500.0,0.0,无等级,0.0,,,0.0,3500.0,,,,,,,,,,
PL_202604_EMP180,PAYROLL_202604,ESNAP_202604_EMP180,EMP180,PER180,一百六十七,EREL_202604_EMP180,COMP_南大尚诚（人力）,南大尚诚（人力）,AFF_COMP_南大尚诚（人力）_南大尚诚（人力）,南大尚诚（人力）,SAL_202604_EMP180,3500.0,3500.0,人力劳务,3500.0,0.0,无等级,0.0,,,0.0,3500.0,,,,,,,,,,
PL_202604_EMP181,PAYROLL_202604,ESNAP_202604_EMP181,EMP181,PER181,一百六十八,EREL_202604_EMP181,COMP_NDSC,南大尚诚,,,SAL_202604_EMP181,10000.0,8275.86,员工,5793.1,2482.76,D,1986.21,,,0.0,7779.31,0.0,0.0,233.38,7545.93,,,,,,
PL_202604_EMP182,PAYROLL_202604,ESNAP_202604_EMP182,EMP182,PER182,一百六十九,EREL_202604_EMP182,COMP_SCNY,尚诚能源,,,SAL_202604_EMP182,10000.0,8275.86,BOSS,8275.86,0.0,无等级,0.0,,,0.0,8275.86,0.0,0.0,248.28,8027.58,,,,,,
PL_202604_EMP183,PAYROLL_202604,ESNAP_202604_EMP183,EMP183,PER183,一百七十,EREL_202604_EMP183,COMP_NDSC,南大尚诚,,,SAL_202604_EMP183,10000.0,6436.78,员工,4505.75,1931.03,C,1931.03,,,0.0,6436.78,0.0,0.0,193.1,6243.68,,,,,,
PL_202604_EMP184,PAYROLL_202604,ESNAP_202604_EMP184,EMP184,PER184,一百七十一,EREL_202604_EMP184,COMP_NDSC,南大尚诚,,,SAL_202604_EMP184,10000.0,6436.78,员工,4505.75,1931.03,C,1931.03,,,0.0,6436.78,0.0,0.0,193.1,6243.68,,,,,,
PL_202604_EMP185,PAYROLL_202604,ESNAP_202604_EMP185,EMP185,PER185,一百七十二,EREL_202604_EMP185,COMP_NDSC,南大尚诚,,,SAL_202604_EMP185,10000.0,5517.24,员工,3862.07,1655.17,C,1655.17,,,0.0,5517.24,0.0,0.0,165.52,5351.72,,,,,,
PL_202604_EMP186,PAYROLL_202604,ESNAP_202604_EMP186,EMP186,PER186,一百七十三,EREL_202604_EMP186,COMP_SCNY,尚诚能源,,,SAL_202604_EMP186,10000.0,4137.93,员工,2896.55,1241.38,C,1241.38,,,0.0,4137.93,0.0,0.0,124.14,4013.79,,,,,,
PL_202604_EMP187,PAYROLL_202604,ESNAP_202604_EMP187,EMP187,PER187,一百七十四,EREL_202604_EMP187,COMP_NDSC,南大尚诚,,,SAL_202604_EMP187,10000.0,2758.62,员工,1931.03,827.59,C,827.59,,,0.0,2758.62,0.0,0.0,82.76,2675.86,,,,,,
PL_202604_EMP188,PAYROLL_202604,ESNAP_202604_EMP188,EMP188,PER188,一百七十五,EREL_202604_EMP188,COMP_SCNY,尚诚能源,,,SAL_202604_EMP188,10000.0,10000.0,BOSS,10000.0,0.0,无等级,0.0,,,0.0,10000.0,0.0,0.0,300.0,9700.0,,,,,,
