employee_snapshot_id,snapshot_id,payroll_run_id,employee_id,person_id,employee_name_snapshot,employment_relationship_id,payroll_company_id,payroll_company_name_snapshot,internal_affiliation_id,internal_affiliation_name_snapshot,salary_profile_id,position_snapshot,employment_status_snapshot,monthly_salary_base,monthly_salary_total,social_security_base,housing_fund_base
ESNAP_202604_EMP001,SNAPSHOT_202604,PAYROLL_202604,EMP001,PER001,一,EREL_202604_EMP001,COMP_SCNY,尚诚能源,,,SAL_202604_EMP001,南京大学,在职,10000.0,10000.0,,
ESNAP_202604_EMP002,SNAPSHOT_202604,PAYROLL_202604,EMP002,PER002,二,EREL_202604_EMP002,COMP_SCNY,尚诚能源,,,SAL_202604_EMP002,南京大学,在职,10000.0,10000.0,,
ESNAP_202604_EMP003,SNAPSHOT_202604,PAYROLL_202604,EMP003,PER003,三,EREL_202604_EMP003,COMP_SCNY,尚诚能源,,,SAL_202604_EMP003,南京大学,在职,10000.0,10000.0,,
ESNAP_202604_EMP004,SNAPSHOT_202604,PAYROLL_202604,EMP004,PER004,四,EREL_202604_EMP004,COMP_SCNY,尚诚能源,,,SAL_202604_EMP004,南京大学,在职,10000.0,10000.0,,
ESNAP_202604_EMP005,SNAPSHOT_202604,PAYROLL_202604,EMP005,PER005,五,EREL_202604_EMP005,COMP_SCNY,尚诚能源,,,SAL_202604_EMP005,南京大学,在职,10000.0,10000.0,,
ESNAP_202604_EMP006,SNAPSHOT_202604,PAYROLL_202604,EMP006,PER006,六,EREL_202604_EMP006,COMP_SCNY,尚诚能源,,,SAL_202604_EMP006,南京大学,在职,10000.0,10000.0,,
ESNAP_202604_EMP007,SNAPSHOT_202604,PAYROLL_202604,EMP007,PER007,七,EREL_202604_EMP007,COMP_SCNY,尚诚能源,,,SAL_202604_EMP007,南京大学,在职,10000.0,10000.0,,
ESNAP_202604_EMP008,SNAPSHOT_202604,PAYROLL_202604,EMP008,PER008,八,EREL_202604_EMP008,COMP_SCNY,尚诚能源,,,SAL_202604_EMP008,南京大学,在职,10000.0,10000.0,,
ESNAP_202604_EMP009,SNAPSHOT_202604,PAYROLL_202604,EMP009,PER009,九,EREL_202604_EMP009,COMP_SCNY,尚诚能源,,,SAL_202604_EMP009,南京大学,在职,10000.0,10000.0,,
ESNAP_202604_EMP010,SNAPSHOT_202604,PAYROLL_202604,EMP010,PER010,一十,EREL_202604_EMP010,COMP_SCNY,尚诚能源,,,SAL_202604_EMP010,南京大学,在职,10000.0,10000.0,,
ESNAP_202604_EMP011,SNAPSHOT_202604,PAYROLL_202604,EMP011,PER011,一十一,EREL_202604_EMP011,COMP_SCNY,尚诚能源,,,SAL_202604_EMP011,南京大学,在职,10000.0,10000.0,,
ESNAP_202604_EMP012,SNAPSHOT_202604,PAYROLL_202604,EMP012,PER012,一十二,EREL_202604_EMP012,COMP_SCNY,尚诚能源,,,SAL_202604_EMP012,南京大学,在职,10000.0,10000.0,,
ESNAP_202604_EMP013,SNAPSHOT_202604,PAYROLL_202604,EMP013,PER013,一十三,EREL_202604_EMP013,COMP_SCNY,尚诚能源,,,SAL_202604_EMP013,南京大学,在职,10000.0,10000.0,,
ESNAP_202604_EMP014,SNAPSHOT_202604,PAYROLL_202604,EMP014,PER014,一,EREL_202604_EMP014,COMP_NDSC,南大尚诚,,,SAL_202604_EMP014,BOSS,在职,10000.0,10000.0,,
ESNAP_202604_EMP015,SNAPSHOT_202604,PAYROLL_202604,EMP015,PER015,二,EREL_202604_EMP015,COMP_SCNY,尚诚能源,,,SAL_202604_EMP015,BOSS,在职,10000.0,10000.0,,
ESNAP_202604_EMP016,SNAPSHOT_202604,PAYROLL_202604,EMP016,PER016,三,EREL_202604_EMP016,COMP_SCNY,尚诚能源,,,SAL_202604_EMP016,员工,在职,10000.0,10000.0,,
ESNAP_202604_EMP017,SNAPSHOT_202604,PAYROLL_202604,EMP017,PER017,四,EREL_202604_EMP017,COMP_NDSC,南大尚诚,,,SAL_202604_EMP017,部门负责人,在职,10000.0,10000.0,,
ESNAP_202604_EMP018,SNAPSHOT_202604,PAYROLL_202604,EMP018,PER018,五,EREL_202604_EMP018,COMP_NDSC,南大尚诚,,,SAL_202604_EMP018,员工,在职,10000.0,10000.0,,
ESNAP_202604_EMP019,SNAPSHOT_202604,PAYROLL_202604,EMP019,PER019,六,EREL_202604_EMP019,COMP_NDSC,南大尚诚,,,SAL_202604_EMP019,员工,在职,10000.0,10000.0,,
ESNAP_202604_EMP020,SNAPSHOT_202604,PAYROLL_202604,EMP020,PER020,七,EREL_202604_EMP020,COMP_NDSC,南大尚诚,,,SAL_202604_EMP020,员工,在职,10000.0,10000.0,,
ESNAP_202604_EMP021,SNAPSHOT_202604,PAYROLL_202604,EMP021,PER021,八,EREL_202604_EMP021,COMP_NDSC,南大尚诚,,,SAL_202604_EMP021,员工,在职,10000.0,10000.0,,
ESNAP_202604_EMP022,SNAPSHOT_202604,PAYROLL_202604,EMP022,PER022,九,EREL_202604_EMP022,COMP_NDSC,南大尚诚,,,SAL_202604_EMP022,部门负责人,在职,10000.0,10000.0,,
ESNAP_202604_EMP023,SNAPSHOT_202604,PAYROLL_202604,EMP023,PER023,一十,EREL_202604_EMP023,COMP_NDSC,南大尚诚,,,SAL_202604_EMP023,部门负责人,在职,10000.0,10000.0,,
ESNAP_202604_EMP024,SNAPSHOT_202604,PAYROLL_202604,EMP024,PER024,一十一,EREL_202604_EMP024,COMP_NDSC,南大尚诚,,,SAL_202604_EMP024,员工,在职,10000.0,10000.0,,
ESNAP_202604_EMP025,SNAPSHOT_202604,PAYROLL_202604,EMP025,PER025,一十二,EREL_202604_EMP025,COMP_SCNY,尚诚能源,,,SAL_202604_EMP025,部门负责人,在职,10000.0,10000.0,,
ESNAP_202604_EMP026,SNAPSHOT_202604,PAYROLL_202604,EMP026,PER026,一十三,EREL_202604_EMP026,COMP_NDSC,南大尚诚,,,SAL_202604_EMP026,员工,在职,10000.0,10000.0,,
ESNAP_202604_EMP027,SNAPSHOT_202604,PAYROLL_202604,EMP027,PER027,一十四,EREL_202604_EMP027,COMP_SCNY,尚诚能源,,,SAL_202604_EMP027,员工,在职,10000.0,10000.0,,
ESNAP_202604_EMP028,SNAPSHOT_202604,PAYROLL_202604,EMP028,PER028,一十五,EREL_202604_EMP028,COMP_SCNY,尚诚能源,,,SAL_202604_EMP028,员工,在职,10000.0,10000.0,,
ESNAP_202604_EMP029,SNAPSHOT_202604,PAYROLL_202604,EMP029,PER029,一十六,EREL_202604_EMP029,COMP_NDSC,南大尚诚,,,SAL_202604_EMP029,员工,在职,10000.0,10000.0,,
ESNAP_202604_EMP030,SNAPSHOT_202604,PAYROLL_202604,EMP030,PER030,一十七,EREL_202604_EMP030,COMP_JS,基石,,,SAL_202604_EMP030,部门负责人,在职,10000.0,10000.0,,
ESNAP_202604_EMP031,SNAPSHOT_202604,PAYROLL_202604,EMP031,PER031,一十八,EREL_202604_EMP031,COMP_NDSC,南大尚诚,,,SAL_202604_EMP031,员工,在职,10000.0,10000.0,,
ESNAP_202604_EMP032,SNAPSHOT_202604,PAYROLL_202604,EMP032,PER032,一十九,EREL_202604_EMP032,COMP_NDSC,南大尚诚,,,SAL_202604_EMP032,员工,在职,10000.0,10000.0,,
ESNAP_202604_EMP033,SNAPSHOT_202604,PAYROLL_202604,EMP033,PER033,二十,EREL_202604_EMP033,COMP_NDSC,南大尚诚,,,SAL_202604_EMP033,员工,在职,10000.0,10000.0,,
ESNAP_202604_EMP034,SNAPSHOT_202604,PAYROLL_202604,EMP034,PER034,二十一,EREL_202604_EMP034,COMP_SCNY,尚诚能源,,,SAL_202604_EMP034,员工,在职,10000.0,10000.0,,
ESNAP_202604_EMP035,SNAPSHOT_202604,PAYROLL_202604,EMP035,PER035,二十二,EREL_202604_EMP035,COMP_NDSC,南大尚诚,,,SAL_202604_EMP035,员工,在职,10000.0,10000.0,,
ESNAP_202604_EMP036,SNAPSHOT_202604,PAYROLL_202604,EMP036,PER036,二十三,EREL_202604_EMP036,COMP_NDSC,南大尚诚,,,SAL_202604_EMP036,员工,在职,10000.0,10000.0,,
ESNAP_202604_EMP037,SNAPSHOT_202604,PAYROLL_202604,EMP037,PER037,二十四,EREL_202604_EMP037,COMP_NDSC,南大尚诚,,,SAL_202604_EMP037,员工,在职,10000.0,10000.0,,
ESNAP_202604_EMP038,SNAPSHOT_202604,PAYROLL_202604,EMP038,PER038,二十五,EREL_202604_EMP038,COMP_NDSC,南大尚诚,,,SAL_202604_EMP038,员工,在职,10000.0,10000.0,,
ESNAP_202604_EMP039,SNAPSHOT_202604,PAYROLL_202604,EMP039,PER039,二十六,EREL_202604_EMP039,COMP_NDSC,南大尚诚,,,SAL_202604_EMP039,员工,在职,10000.0,10000.0,,
ESNAP_202604_EMP040,SNAPSHOT_202604,PAYROLL_202604,EMP040,PER040,二十七,EREL_202604_EMP040,COMP_NDSC,南大尚诚,,,SAL_202604_EMP040,员工,在职,10000.0,10000.0,,
ESNAP_202604_EMP041,SNAPSHOT_202604,PAYROLL_202604,EMP041,PER041,二十八,EREL_202604_EMP041,COMP_JS,基石,,,SAL_202604_EMP041,部门负责人,在职,10000.0,10000.0,,
ESNAP_202604_EMP042,SNAPSHOT_202604,PAYROLL_202604,EMP042,PER042,二十九,EREL_202604_EMP042,COMP_NDSC,南大尚诚,,,SAL_202604_EMP042,员工,在职,10000.0,10000.0,,
ESNAP_202604_EMP043,SNAPSHOT_202604,PAYROLL_202604,EMP043,PER043,三十,EREL_202604_EMP043,COMP_NDSC,南大尚诚,,,SAL_202604_EMP043,员工,在职,10000.0,10000.0,,
ESNAP_202604_EMP044,SNAPSHOT_202604,PAYROLL_202604,EMP044,PER044,三十一,EREL_202604_EMP044,COMP_NDSC,南大尚诚,,,SAL_202604_EMP044,员工,在职,10000.0,10000.0,,
ESNAP_202604_EMP045,SNAPSHOT_202604,PAYROLL_202604,EMP045,PER045,三十二,EREL_202604_EMP045,COMP_NDSC,南大尚诚,,,SAL_202604_EMP045,员工,在职,10000.0,10000.0,,
ESNAP_202604_EMP046,SNAPSHOT_202604,PAYROLL_202604,EMP046,PER046,三十三,EREL_202604_EMP046,COMP_NDSC,南大尚诚,,,SAL_202604_EMP046,员工,在职,10000.0,10000.0,,
ESNAP_202604_EMP047,SNAPSHOT_202604,PAYROLL_202604,EMP047,PER047,三十四,EREL_202604_EMP047,COMP_NDSC,南大尚诚,,,SAL_202604_EMP047,员工,在职,10000.0,10000.0,,
ESNAP_202604_EMP048,SNAPSHOT_202604,PAYROLL_202604,EMP048,PER048,三十五,EREL_202604_EMP048,COMP_NDSC,南大尚诚,,,SAL_202604_EMP048,员工,在职,10000.0,10000.0,,
ESNAP_202604_EMP049,SNAPSHOT_202604,PAYROLL_202604,EMP049,PER049,三十六,EREL_202604_EMP049,COMP_NDSC,南大尚诚,,,SAL_202604_EMP049,员工,在职,10000.0,10000.0,,
ESNAP_202604_EMP050,SNAPSHOT_202604,PAYROLL_202604,EMP050,PER050,三十七,EREL_202604_EMP050,COMP_NDSC,南大尚诚,,,SAL_202604_EMP050,员工,在职,10000.0,10000.0,,
ESNAP_202604_EMP051,SNAPSHOT_202604,PAYROLL_202604,EMP051,PER051,三十八,EREL_202604_EMP051,COMP_NDSC,南大尚诚,,,SAL_202604_EMP051,员工,在职,10000.0,10000.0,,
ESNAP_202604_EMP052,SNAPSHOT_202604,PAYROLL_202604,EMP052,PER052,三十九,EREL_202604_EMP052,COMP_SCNY,尚诚能源,,,SAL_202604_EMP052,员工,在职,10000.0,10000.0,,
ESNAP_202604_EMP053,SNAPSHOT_202604,PAYROLL_202604,EMP053,PER053,四十,EREL_202604_EMP053,COMP_SCNY,尚诚能源,,,SAL_202604_EMP053,员工,在职,10000.0,10000.0,,
ESNAP_202604_EMP054,SNAPSHOT_202604,PAYROLL_202604,EMP054,PER054,四十一,EREL_202604_EMP054,COMP_NDSC,南大尚诚,,,SAL_202604_EMP054,员工,在职,10000.0,10000.0,,
ESNAP_202604_EMP055,SNAPSHOT_202604,PAYROLL_202604,EMP055,PER055,四十二,EREL_202604_EMP055,COMP_NDSC,南大尚诚,,,SAL_202604_EMP055,员工,在职,10000.0,10000.0,,
ESNAP_202604_EMP056,SNAPSHOT_202604,PAYROLL_202604,EMP056,PER056,四十三,EREL_202604_EMP056,COMP_NDSC,南大尚诚,,,SAL_202604_EMP056,员工,在职,10000.0,10000.0,,
ESNAP_202604_EMP057,SNAPSHOT_202604,PAYROLL_202604,EMP057,PER057,四十四,EREL_202604_EMP057,COMP_NDSC,南大尚诚,,,SAL_202604_EMP057,员工,在职,10000.0,10000.0,,
ESNAP_202604_EMP058,SNAPSHOT_202604,PAYROLL_202604,EMP058,PER058,四十五,EREL_202604_EMP058,COMP_NDSC,南大尚诚,,,SAL_202604_EMP058,员工,在职,10000.0,10000.0,,
ESNAP_202604_EMP059,SNAPSHOT_202604,PAYROLL_202604,EMP059,PER059,四十六,EREL_202604_EMP059,COMP_JS,基石,,,SAL_202604_EMP059,部门负责人,在职,10000.0,10000.0,,
ESNAP_202604_EMP060,SNAPSHOT_202604,PAYROLL_202604,EMP060,PER060,四十七,EREL_202604_EMP060,COMP_NDSC,南大尚诚,,,SAL_202604_EMP060,员工,在职,10000.0,10000.0,,
ESNAP_202604_EMP061,SNAPSHOT_202604,PAYROLL_202604,EMP061,PER061,四十八,EREL_202604_EMP061,COMP_NDSC,南大尚诚,,,SAL_202604_EMP061,员工,在职,10000.0,10000.0,,
ESNAP_202604_EMP062,SNAPSHOT_202604,PAYROLL_202604,EMP062,PER062,四十九,EREL_202604_EMP062,COMP_NDSC,南大尚诚,,,SAL_202604_EMP062,员工,在职,10000.0,10000.0,,
ESNAP_202604_EMP063,SNAPSHOT_202604,PAYROLL_202604,EMP063,PER063,五十,EREL_202604_EMP063,COMP_NDSC,南大尚诚,,,SAL_202604_EMP063,员工,在职,10000.0,10000.0,,
ESNAP_202604_EMP064,SNAPSHOT_202604,PAYROLL_202604,EMP064,PER064,五十一,EREL_202604_EMP064,COMP_NDSC,南大尚诚,,,SAL_202604_EMP064,员工,在职,10000.0,10000.0,,
ESNAP_202604_EMP065,SNAPSHOT_202604,PAYROLL_202604,EMP065,PER065,五十二,EREL_202604_EMP065,COMP_NDSC,南大尚诚,,,SAL_202604_EMP065,员工,在职,10000.0,10000.0,,
ESNAP_202604_EMP066,SNAPSHOT_202604,PAYROLL_202604,EMP066,PER066,五十三,EREL_202604_EMP066,COMP_NDSC,南大尚诚,,,SAL_202604_EMP066,员工,在职,10000.0,10000.0,,
ESNAP_202604_EMP067,SNAPSHOT_202604,PAYROLL_202604,EMP067,PER067,五十四,EREL_202604_EMP067,COMP_NDSC,南大尚诚,,,SAL_202604_EMP067,员工,在职,10000.0,10000.0,,
ESNAP_202604_EMP068,SNAPSHOT_202604,PAYROLL_202604,EMP068,PER068,五十五,EREL_202604_EMP068,COMP_NDSC,南大尚诚,,,SAL_202604_EMP068,员工,在职,10000.0,10000.0,,
ESNAP_202604_EMP069,SNAPSHOT_202604,PAYROLL_202604,EMP069,PER069,五十六,EREL_202604_EMP069,COMP_NDSC,南大尚诚,,,SAL_202604_EMP069,员工,在职,10000.0,10000.0,,
ESNAP_202604_EMP070,SNAPSHOT_202604,PAYROLL_202604,EMP070,PER070,五十七,EREL_202604_EMP070,COMP_NDSC,南大尚诚,,,SAL_202604_EMP070,员工,在职,10000.0,10000.0,,
ESNAP_202604_EMP071,SNAPSHOT_202604,PAYROLL_202604,EMP071,PER071,五十八,EREL_202604_EMP071,COMP_NDSC,南大尚诚,,,SAL_202604_EMP071,员工,在职,10000.0,10000.0,,
ESNAP_202604_EMP072,SNAPSHOT_202604,PAYROLL_202604,EMP072,PER072,五十九,EREL_202604_EMP072,COMP_NDSC,南大尚诚,,,SAL_202604_EMP072,员工,在职,10000.0,10000.0,,
ESNAP_202604_EMP073,SNAPSHOT_202604,PAYROLL_202604,EMP073,PER073,六十,EREL_202604_EMP073,COMP_NDSC,南大尚诚,,,SAL_202604_EMP073,员工,在职,10000.0,10000.0,,
ESNAP_202604_EMP074,SNAPSHOT_202604,PAYROLL_202604,EMP074,PER074,六十一,EREL_202604_EMP074,COMP_NDSC,南大尚诚,,,SAL_202604_EMP074,员工,在职,10000.0,10000.0,,
ESNAP_202604_EMP075,SNAPSHOT_202604,PAYROLL_202604,EMP075,PER075,六十二,EREL_202604_EMP075,COMP_NDSC,南大尚诚,,,SAL_202604_EMP075,员工,在职,10000.0,10000.0,,
ESNAP_202604_EMP076,SNAPSHOT_202604,PAYROLL_202604,EMP076,PER076,六十三,EREL_202604_EMP076,COMP_NDSC,南大尚诚,,,SAL_202604_EMP076,员工,在职,10000.0,10000.0,,
ESNAP_202604_EMP077,SNAPSHOT_202604,PAYROLL_202604,EMP077,PER077,六十四,EREL_202604_EMP077,COMP_NDSC,南大尚诚,,,SAL_202604_EMP077,员工,在职,10000.0,10000.0,,
ESNAP_202604_EMP078,SNAPSHOT_202604,PAYROLL_202604,EMP078,PER078,六十五,EREL_202604_EMP078,COMP_NDSC,南大尚诚,,,SAL_202604_EMP078,员工,在职,10000.0,10000.0,,
ESNAP_202604_EMP079,SNAPSHOT_202604,PAYROLL_202604,EMP079,PER079,六十六,EREL_202604_EMP079,COMP_NDSC,南大尚诚,,,SAL_202604_EMP079,员工,在职,10000.0,10000.0,,
ESNAP_202604_EMP080,SNAPSHOT_202604,PAYROLL_202604,EMP080,PER080,六十七,EREL_202604_EMP080,COMP_NDSC,南大尚诚,,,SAL_202604_EMP080,员工,在职,10000.0,10000.0,,
ESNAP_202604_EMP081,SNAPSHOT_202604,PAYROLL_202604,EMP081,PER081,六十八,EREL_202604_EMP081,COMP_NDSC,南大尚诚,,,SAL_202604_EMP081,员工,在职,10000.0,10000.0,,
ESNAP_202604_EMP082,SNAPSHOT_202604,PAYROLL_202604,EMP082,PER082,六十九,EREL_202604_EMP082,COMP_SCNY,尚诚能源,,,SAL_202604_EMP082,员工,在职,10000.0,10000.0,,
ESNAP_202604_EMP083,SNAPSHOT_202604,PAYROLL_202604,EMP083,PER083,七十,EREL_202604_EMP083,COMP_NDSC,南大尚诚,,,SAL_202604_EMP083,员工,在职,10000.0,10000.0,,
ESNAP_202604_EMP084,SNAPSHOT_202604,PAYROLL_202604,EMP084,PER084,七十一,EREL_202604_EMP084,COMP_NDSC,南大尚诚,,,SAL_202604_EMP084,员工,在职,10000.0,10000.0,,
ESNAP_202604_EMP085,SNAPSHOT_202604,PAYROLL_202604,EMP085,PER085,七十二,EREL_202604_EMP085,COMP_NDSC,南大尚诚,,,SAL_202604_EMP085,员工,在职,10000.0,10000.0,,
ESNAP_202604_EMP086,SNAPSHOT_202604,PAYROLL_202604,EMP086,PER086,七十三,EREL_202604_EMP086,COMP_NDSC,南大尚诚,,,SAL_202604_EMP086,员工,在职,10000.0,10000.0,,
ESNAP_202604_EMP087,SNAPSHOT_202604,PAYROLL_202604,EMP087,PER087,七十四,EREL_202604_EMP087,COMP_SCNY,尚诚能源,,,SAL_202604_EMP087,员工,在职,10000.0,10000.0,,
ESNAP_202604_EMP088,SNAPSHOT_202604,PAYROLL_202604,EMP088,PER088,七十五,EREL_202604_EMP088,COMP_NDSC,南大尚诚,,,SAL_202604_EMP088,员工,在职,10000.0,10000.0,,
ESNAP_202604_EMP089,SNAPSHOT_202604,PAYROLL_202604,EMP089,PER089,七十六,EREL_202604_EMP089,COMP_NDSC,南大尚诚,,,SAL_202604_EMP089,员工,在职,10000.0,10000.0,,
ESNAP_202604_EMP090,SNAPSHOT_202604,PAYROLL_202604,EMP090,PER090,七十七,EREL_202604_EMP090,COMP_NDSC,南大尚诚,,,SAL_202604_EMP090,员工,在职,10000.0,10000.0,,
ESNAP_202604_EMP091,SNAPSHOT_202604,PAYROLL_202604,EMP091,PER091,七十八,EREL_202604_EMP091,COMP_NDSC,南大尚诚,,,SAL_202604_EMP091,员工,在职,10000.0,10000.0,,
ESNAP_202604_EMP092,SNAPSHOT_202604,PAYROLL_202604,EMP092,PER092,七十九,EREL_202604_EMP092,COMP_NDSC,南大尚诚,,,SAL_202604_EMP092,员工,在职,10000.0,10000.0,,
ESNAP_202604_EMP093,SNAPSHOT_202604,PAYROLL_202604,EMP093,PER093,八十,EREL_202604_EMP093,COMP_NDSC,南大尚诚,,,SAL_202604_EMP093,员工,在职,10000.0,10000.0,,
ESNAP_202604_EMP094,SNAPSHOT_202604,PAYROLL_202604,EMP094,PER094,八十一,EREL_202604_EMP094,COMP_NDSC,南大尚诚,,,SAL_202604_EMP094,员工,在职,10000.0,10000.0,,
ESNAP_202604_EMP095,SNAPSHOT_202604,PAYROLL_202604,EMP095,PER095,八十二,EREL_202604_EMP095,COMP_NDSC,南大尚诚,,,SAL_202604_EMP095,员工,在职,10000.0,10000.0,,
ESNAP_202604_EMP096,SNAPSHOT_202604,PAYROLL_202604,EMP096,PER096,八十三,EREL_202604_EMP096,COMP_SCNY,尚诚能源,,,SAL_202604_EMP096,员工,在职,10000.0,10000.0,,
ESNAP_202604_EMP097,SNAPSHOT_202604,PAYROLL_202604,EMP097,PER097,八十四,EREL_202604_EMP097,COMP_NDSC,南大尚诚,,,SAL_202604_EMP097,员工,在职,10000.0,10000.0,,
ESNAP_202604_EMP098,SNAPSHOT_202604,PAYROLL_202604,EMP098,PER098,八十五,EREL_202604_EMP098,COMP_SCNY,尚诚能源,,,SAL_202604_EMP098,员工,在职,10000.0,10000.0,,
ESNAP_202604_EMP099,SNAPSHOT_202604,PAYROLL_202604,EMP099,PER099,八十六,EREL_202604_EMP099,COMP_NDSC,南大尚诚,,,SAL_202604_EMP099,员工,在职,10000.0,10000.0,,
ESNAP_202604_EMP100,SNAPSHOT_202604,PAYROLL_202604,EMP100,PER100,八十七,EREL_202604_EMP100,COMP_NDSC,南大尚诚,,,SAL_202604_EMP100,员工,在职,10000.0,10000.0,,
ESNAP_202604_EMP101,SNAPSHOT_202604,PAYROLL_202604,EMP101,PER101,八十八,EREL_202604_EMP101,COMP_NDSC,南大尚诚,,,SAL_202604_EMP101,部门负责人,在职,10000.0,10000.0,,
ESNAP_202604_EMP102,SNAPSHOT_202604,PAYROLL_202604,EMP102,PER102,八十九,EREL_202604_EMP102,COMP_JS,基石,,,SAL_202604_EMP102,员工,在职,10000.0,10000.0,,
ESNAP_202604_EMP103,SNAPSHOT_202604,PAYROLL_202604,EMP103,PER103,九十,EREL_202604_EMP103,COMP_NDSC,南大尚诚,,,SAL_202604_EMP103,员工,在职,10000.0,10000.0,,
ESNAP_202604_EMP104,SNAPSHOT_202604,PAYROLL_202604,EMP104,PER104,九十一,EREL_202604_EMP104,COMP_NDSC,南大尚诚,,,SAL_202604_EMP104,员工,在职,10000.0,10000.0,,
ESNAP_202604_EMP105,SNAPSHOT_202604,PAYROLL_202604,EMP105,PER105,九十二,EREL_202604_EMP105,COMP_SCNY,尚诚能源,,,SAL_202604_EMP105,员工,在职,10000.0,10000.0,,
ESNAP_202604_EMP106,SNAPSHOT_202604,PAYROLL_202604,EMP106,PER106,九十三,EREL_202604_EMP106,COMP_NDSC,南大尚诚,,,SAL_202604_EMP106,员工,在职,10000.0,10000.0,,
ESNAP_202604_EMP107,SNAPSHOT_202604,PAYROLL_202604,EMP107,PER107,九十四,EREL_202604_EMP107,COMP_NDSC,南大尚诚,,,SAL_202604_EMP107,员工,在职,10000.0,10000.0,,
ESNAP_202604_EMP108,SNAPSHOT_202604,PAYROLL_202604,EMP108,PER108,九十五,EREL_202604_EMP108,COMP_NDSC,南大尚诚,,,SAL_202604_EMP108,员工,在职,10000.0,10000.0,,
ESNAP_202604_EMP109,SNAPSHOT_202604,PAYROLL_202604,EMP109,PER109,九十六,EREL_202604_EMP109,COMP_NDSC,南大尚诚,,,SAL_202604_EMP109,员工,在职,10000.0,10000.0,,
ESNAP_202604_EMP110,SNAPSHOT_202604,PAYROLL_202604,EMP110,PER110,九十七,EREL_202604_EMP110,COMP_SCNY,尚诚能源,,,SAL_202604_EMP110,员工,在职,10000.0,10000.0,,
ESNAP_202604_EMP111,SNAPSHOT_202604,PAYROLL_202604,EMP111,PER111,九十八,EREL_202604_EMP111,COMP_NDSC,南大尚诚,,,SAL_202604_EMP111,员工,在职,10000.0,10000.0,,
ESNAP_202604_EMP112,SNAPSHOT_202604,PAYROLL_202604,EMP112,PER112,九十九,EREL_202604_EMP112,COMP_NDSC,南大尚诚,,,SAL_202604_EMP112,员工,在职,10000.0,10000.0,,
ESNAP_202604_EMP113,SNAPSHOT_202604,PAYROLL_202604,EMP113,PER113,一百,EREL_202604_EMP113,COMP_NDSC,南大尚诚,,,SAL_202604_EMP113,员工,在职,10000.0,10000.0,,
ESNAP_202604_EMP114,SNAPSHOT_202604,PAYROLL_202604,EMP114,PER114,一百〇一,EREL_202604_EMP114,COMP_NDSC,南大尚诚,,,SAL_202604_EMP114,员工,在职,10000.0,10000.0,,
ESNAP_202604_EMP115,SNAPSHOT_202604,PAYROLL_202604,EMP115,PER115,一百〇二,EREL_202604_EMP115,COMP_NDSC,南大尚诚,,,SAL_202604_EMP115,员工,在职,10000.0,10000.0,,
ESNAP_202604_EMP116,SNAPSHOT_202604,PAYROLL_202604,EMP116,PER116,一百〇三,EREL_202604_EMP116,COMP_NDSC,南大尚诚,,,SAL_202604_EMP116,员工,在职,10000.0,10000.0,,
ESNAP_202604_EMP117,SNAPSHOT_202604,PAYROLL_202604,EMP117,PER117,一百〇四,EREL_202604_EMP117,COMP_NDSC,南大尚诚,,,SAL_202604_EMP117,员工,在职,10000.0,10000.0,,
ESNAP_202604_EMP118,SNAPSHOT_202604,PAYROLL_202604,EMP118,PER118,一百〇五,EREL_202604_EMP118,COMP_NDSC,南大尚诚,,,SAL_202604_EMP118,员工,在职,10000.0,10000.0,,
ESNAP_202604_EMP119,SNAPSHOT_202604,PAYROLL_202604,EMP119,PER119,一百〇六,EREL_202604_EMP119,COMP_NDSC,南大尚诚,,,SAL_202604_EMP119,员工,在职,10000.0,10000.0,,
ESNAP_202604_EMP120,SNAPSHOT_202604,PAYROLL_202604,EMP120,PER120,一百〇七,EREL_202604_EMP120,COMP_NDSC,南大尚诚,,,SAL_202604_EMP120,员工,在职,10000.0,10000.0,,
ESNAP_202604_EMP121,SNAPSHOT_202604,PAYROLL_202604,EMP121,PER121,一百〇八,EREL_202604_EMP121,COMP_NDSC,南大尚诚,,,SAL_202604_EMP121,员工,在职,10000.0,10000.0,,
ESNAP_202604_EMP122,SNAPSHOT_202604,PAYROLL_202604,EMP122,PER122,一百〇九,EREL_202604_EMP122,COMP_NDSC,南大尚诚,,,SAL_202604_EMP122,员工,在职,10000.0,10000.0,,
ESNAP_202604_EMP123,SNAPSHOT_202604,PAYROLL_202604,EMP123,PER123,一百一十,EREL_202604_EMP123,COMP_SCNY,尚诚能源,,,SAL_202604_EMP123,员工,在职,10000.0,10000.0,,
ESNAP_202604_EMP124,SNAPSHOT_202604,PAYROLL_202604,EMP124,PER124,一百一十一,EREL_202604_EMP124,COMP_NDSC,南大尚诚,,,SAL_202604_EMP124,员工,在职,10000.0,10000.0,,
ESNAP_202604_EMP125,SNAPSHOT_202604,PAYROLL_202604,EMP125,PER125,一百一十二,EREL_202604_EMP125,COMP_NDSC,南大尚诚,,,SAL_202604_EMP125,员工,在职,10000.0,10000.0,,
ESNAP_202604_EMP126,SNAPSHOT_202604,PAYROLL_202604,EMP126,PER126,一百一十三,EREL_202604_EMP126,COMP_SCNY,尚诚能源,,,SAL_202604_EMP126,员工,在职,10000.0,10000.0,,
ESNAP_202604_EMP127,SNAPSHOT_202604,PAYROLL_202604,EMP127,PER127,一百一十四,EREL_202604_EMP127,COMP_NDSC,南大尚诚,,,SAL_202604_EMP127,员工,在职,10000.0,10000.0,,
ESNAP_202604_EMP128,SNAPSHOT_202604,PAYROLL_202604,EMP128,PER128,一百一十五,EREL_202604_EMP128,COMP_NDSC,南大尚诚,,,SAL_202604_EMP128,员工,在职,10000.0,10000.0,,
ESNAP_202604_EMP129,SNAPSHOT_202604,PAYROLL_202604,EMP129,PER129,一百一十六,EREL_202604_EMP129,COMP_NDSC,南大尚诚,,,SAL_202604_EMP129,员工,在职,10000.0,10000.0,,
ESNAP_202604_EMP130,SNAPSHOT_202604,PAYROLL_202604,EMP130,PER130,一百一十七,EREL_202604_EMP130,COMP_NDSC,南大尚诚,,,SAL_202604_EMP130,员工,在职,10000.0,10000.0,,
ESNAP_202604_EMP131,SNAPSHOT_202604,PAYROLL_202604,EMP131,PER131,一百一十八,EREL_202604_EMP131,COMP_NDSC,南大尚诚,,,SAL_202604_EMP131,员工,在职,10000.0,10000.0,,
ESNAP_202604_EMP132,SNAPSHOT_202604,PAYROLL_202604,EMP132,PER132,一百一十九,EREL_202604_EMP132,COMP_NDSC,南大尚诚,,,SAL_202604_EMP132,员工,在职,10000.0,10000.0,,
ESNAP_202604_EMP133,SNAPSHOT_202604,PAYROLL_202604,EMP133,PER133,一百二十,EREL_202604_EMP133,COMP_NDSC,南大尚诚,,,SAL_202604_EMP133,员工,在职,10000.0,10000.0,,
ESNAP_202604_EMP134,SNAPSHOT_202604,PAYROLL_202604,EMP134,PER134,一百二十一,EREL_202604_EMP134,COMP_NDSC,南大尚诚,,,SAL_202604_EMP134,员工,在职,10000.0,10000.0,,
ESNAP_202604_EMP135,SNAPSHOT_202604,PAYROLL_202604,EMP135,PER135,一百二十二,EREL_202604_EMP135,COMP_NDSC,南大尚诚,,,SAL_202604_EMP135,员工,在职,10000.0,10000.0,,
ESNAP_202604_EMP136,SNAPSHOT_202604,PAYROLL_202604,EMP136,PER136,一百二十三,EREL_202604_EMP136,COMP_NDSC,南大尚诚,,,SAL_202604_EMP136,员工,在职,10000.0,10000.0,,
ESNAP_202604_EMP137,SNAPSHOT_202604,PAYROLL_202604,EMP137,PER137,一百二十四,EREL_202604_EMP137,COMP_NDSC,南大尚诚,,,SAL_202604_EMP137,员工,在职,10000.0,10000.0,,
ESNAP_202604_EMP138,SNAPSHOT_202604,PAYROLL_202604,EMP138,PER138,一百二十五,EREL_202604_EMP138,COMP_NDSC,南大尚诚,,,SAL_202604_EMP138,员工,在职,10000.0,10000.0,,
ESNAP_202604_EMP139,SNAPSHOT_202604,PAYROLL_202604,EMP139,PER139,一百二十六,EREL_202604_EMP139,COMP_NDSC,南大尚诚,,,SAL_202604_EMP139,员工,在职,10000.0,10000.0,,
ESNAP_202604_EMP140,SNAPSHOT_202604,PAYROLL_202604,EMP140,PER140,一百二十七,EREL_202604_EMP140,COMP_NDSC,南大尚诚,,,SAL_202604_EMP140,员工,在职,10000.0,10000.0,,
ESNAP_202604_EMP141,SNAPSHOT_202604,PAYROLL_202604,EMP141,PER141,一百二十八,EREL_202604_EMP141,COMP_NDSC,南大尚诚,,,SAL_202604_EMP141,员工,在职,10000.0,10000.0,,
ESNAP_202604_EMP142,SNAPSHOT_202604,PAYROLL_202604,EMP142,PER142,一百二十九,EREL_202604_EMP142,COMP_NDSC,南大尚诚,,,SAL_202604_EMP142,员工,在职,10000.0,10000.0,,
ESNAP_202604_EMP143,SNAPSHOT_202604,PAYROLL_202604,EMP143,PER143,一百三十,EREL_202604_EMP143,COMP_NDSC,南大尚诚,,,SAL_202604_EMP143,员工,在职,10000.0,10000.0,,
ESNAP_202604_EMP144,SNAPSHOT_202604,PAYROLL_202604,EMP144,PER144,一百三十一,EREL_202604_EMP144,COMP_NDSC,南大尚诚,,,SAL_202604_EMP144,员工,在职,10000.0,10000.0,,
ESNAP_202604_EMP145,SNAPSHOT_202604,PAYROLL_202604,EMP145,PER145,一百三十二,EREL_202604_EMP145,COMP_NDSC,南大尚诚,,,SAL_202604_EMP145,员工,在职,10000.0,3218.39,,
ESNAP_202604_EMP146,SNAPSHOT_202604,PAYROLL_202604,EMP146,PER146,一百三十三,EREL_202604_EMP146,COMP_NDSC,南大尚诚,,,SAL_202604_EMP146,员工,在职,10000.0,10000.0,,
ESNAP_202604_EMP147,SNAPSHOT_202604,PAYROLL_202604,EMP147,PER147,一百三十四,EREL_202604_EMP147,COMP_NDSC,南大尚诚,,,SAL_202604_EMP147,员工,在职,10000.0,10000.0,,
ESNAP_202604_EMP148,SNAPSHOT_202604,PAYROLL_202604,EMP148,PER148,一百三十五,EREL_202604_EMP148,COMP_SCNY,尚诚能源,,,SAL_202604_EMP148,实习生,在职,,2520.0,,
ESNAP_202604_EMP149,SNAPSHOT_202604,PAYROLL_202604,EMP149,PER149,一百三十六,EREL_202604_EMP149,COMP_SCNY,尚诚能源,,,SAL_202604_EMP149,实习生,在职,,840.0,,
ESNAP_202604_EMP150,SNAPSHOT_202604,PAYROLL_202604,EMP150,PER150,一百三十七,EREL_202604_EMP150,COMP_NDSC,南大尚诚,,,SAL_202604_EMP150,员工,在职,10000.0,9533.33,,
ESNAP_202604_EMP151,SNAPSHOT_202604,PAYROLL_202604,EMP151,PER151,一百三十八,EREL_202604_EMP151,COMP_NDSC,南大尚诚,,,SAL_202604_EMP151,员工,在职,10000.0,10000.0,,
ESNAP_202604_EMP152,SNAPSHOT_202604,PAYROLL_202604,EMP152,PER152,一百三十九,EREL_202604_EMP152,COMP_NDSC,南大尚诚,,,SAL_202604_EMP152,员工,在职,10000.0,10000.0,,
ESNAP_202604_EMP153,SNAPSHOT_202604,PAYROLL_202604,EMP153,PER153,一百四十,EREL_202604_EMP153,COMP_NDSC,南大尚诚,,,SAL_202604_EMP153,员工,在职,10000.0,10000.0,,
ESNAP_202604_EMP154,SNAPSHOT_202604,PAYROLL_202604,EMP154,PER154,一百四十一,EREL_202604_EMP154,COMP_NDSC,南大尚诚,,,SAL_202604_EMP154,员工,在职,10000.0,10000.0,,
ESNAP_202604_EMP155,SNAPSHOT_202604,PAYROLL_202604,EMP155,PER155,一百四十二,EREL_202604_EMP155,COMP_NDSC,南大尚诚,,,SAL_202604_EMP155,员工,在职,10000.0,10000.0,,
ESNAP_202604_EMP156,SNAPSHOT_202604,PAYROLL_202604,EMP156,PER156,一百四十三,EREL_202604_EMP156,COMP_NDSC,南大尚诚,,,SAL_202604_EMP156,员工,在职,10000.0,10000.0,,
ESNAP_202604_EMP157,SNAPSHOT_202604,PAYROLL_202604,EMP157,PER157,一百四十四,EREL_202604_EMP157,COMP_NDSC,南大尚诚,,,SAL_202604_EMP157,员工,在职,10000.0,10000.0,,
ESNAP_202604_EMP158,SNAPSHOT_202604,PAYROLL_202604,EMP158,PER158,一百四十五,EREL_202604_EMP158,COMP_NDSC,南大尚诚,,,SAL_202604_EMP158,员工,在职,10000.0,10000.0,,
ESNAP_202604_EMP159,SNAPSHOT_202604,PAYROLL_202604,EMP159,PER159,一百四十六,EREL_202604_EMP159,COMP_NDSC,南大尚诚,,,SAL_202604_EMP159,员工,在职,10000.0,10000.0,,
ESNAP_202604_EMP160,SNAPSHOT_202604,PAYROLL_202604,EMP160,PER160,一百四十七,EREL_202604_EMP160,COMP_NDSC,南大尚诚,,,SAL_202604_EMP160,员工,在职,10000.0,10000.0,,
ESNAP_202604_EMP161,SNAPSHOT_202604,PAYROLL_202604,EMP161,PER161,一百四十八,EREL_202604_EMP161,COMP_NDSC,南大尚诚,,,SAL_202604_EMP161,员工,在职,10000.0,10000.0,,
ESNAP_202604_EMP162,SNAPSHOT_202604,PAYROLL_202604,EMP162,PER162,一百四十九,EREL_202604_EMP162,COMP_NDSC,南大尚诚,,,SAL_202604_EMP162,员工,在职,10000.0,10000.0,,
ESNAP_202604_EMP163,SNAPSHOT_202604,PAYROLL_202604,EMP163,PER163,一百五十,EREL_202604_EMP163,COMP_NDSC,南大尚诚,,,SAL_202604_EMP163,员工,在职,10000.0,10000.0,,
ESNAP_202604_EMP164,SNAPSHOT_202604,PAYROLL_202604,EMP164,PER164,一百五十一,EREL_202604_EMP164,COMP_NDSC,南大尚诚,,,SAL_202604_EMP164,员工,在职,10000.0,10000.0,,
ESNAP_202604_EMP165,SNAPSHOT_202604,PAYROLL_202604,EMP165,PER165,一百五十二,EREL_202604_EMP165,COMP_NDSC,南大尚诚,,,SAL_202604_EMP165,员工,在职,10000.0,4597.7,,
ESNAP_202604_EMP166,SNAPSHOT_202604,PAYROLL_202604,EMP166,PER166,一百五十三,EREL_202604_EMP166,COMP_SCNY,尚诚能源,,,SAL_202604_EMP166,员工,在职,10000.0,10000.0,,
ESNAP_202604_EMP167,SNAPSHOT_202604,PAYROLL_202604,EMP167,PER167,一百五十四,EREL_202604_EMP167,COMP_SCNY,尚诚能源,,,SAL_202604_EMP167,实习生,在职,,960.0,,
ESNAP_202604_EMP168,SNAPSHOT_202604,PAYROLL_202604,EMP168,PER168,一百五十五,EREL_202604_EMP168,COMP_NDSC,南大尚诚,,,SAL_202604_EMP168,员工,在职,10000.0,10000.0,,
ESNAP_202604_EMP169,SNAPSHOT_202604,PAYROLL_202604,EMP169,PER169,一百五十六,EREL_202604_EMP169,COMP_NDSC,南大尚诚,,,SAL_202604_EMP169,员工,在职,10000.0,10000.0,,
ESNAP_202604_EMP170,SNAPSHOT_202604,PAYROLL_202604,EMP170,PER170,一百五十七,EREL_202604_EMP170,COMP_SCNY,尚诚能源,,,SAL_202604_EMP170,员工,在职,10000.0,3678.16,,
ESNAP_202604_EMP171,SNAPSHOT_202604,PAYROLL_202604,EMP171,PER171,一百五十八,EREL_202604_EMP171,COMP_SCNY,尚诚能源,,,SAL_202604_EMP171,实习生,在职,,2160.0,,
ESNAP_202604_EMP172,SNAPSHOT_202604,PAYROLL_202604,EMP172,PER172,一百五十九,EREL_202604_EMP172,COMP_NDSC,南大尚诚,,,SAL_202604_EMP172,员工,在职,10000.0,10000.0,,
ESNAP_202604_EMP173,SNAPSHOT_202604,PAYROLL_202604,EMP173,PER173,一百六十,EREL_202604_EMP173,COMP_NDSC,南大尚诚,,,SAL_202604_EMP173,员工,在职,10000.0,10000.0,,
ESNAP_202604_EMP174,SNAPSHOT_202604,PAYROLL_202604,EMP174,PER174,一百六十一,EREL_202604_EMP174,COMP_NDSC,南大尚诚,,,SAL_202604_EMP174,员工,在职,10000.0,8275.86,,
ESNAP_202604_EMP175,SNAPSHOT_202604,PAYROLL_202604,EMP175,PER175,一百六十二,EREL_202604_EMP175,COMP_NDSC,南大尚诚,,,SAL_202604_EMP175,员工,在职,10000.0,10000.0,,
ESNAP_202604_EMP176,SNAPSHOT_202604,PAYROLL_202604,EMP176,PER176,一百六十三,EREL_202604_EMP176,COMP_NDSC,南大尚诚,,,SAL_202604_EMP176,员工,在职,10000.0,10000.0,,
ESNAP_202604_EMP177,SNAPSHOT_202604,PAYROLL_202604,EMP177,PER177,一百六十四,EREL_202604_EMP177,COMP_NDSC,南大尚诚,,,SAL_202604_EMP177,员工,在职,10000.0,10000.0,,
ESNAP_202604_EMP178,SNAPSHOT_202604,PAYROLL_202604,EMP178,PER178,一百六十五,EREL_202604_EMP178,COMP_南大尚诚（人力）,南大尚诚（人力）,AFF_COMP_南大尚诚（人力）_南大尚诚（人力）,南大尚诚（人力）,SAL_202604_EMP178,人力劳务,在职,3500.0,3500.0,,
ESNAP_202604_EMP179,SNAPSHOT_202604,PAYROLL_202604,EMP179,PER179,一百六十六,EREL_202604_EMP179,COMP_南大尚诚（人力）,南大尚诚（人力）,AFF_COMP_南大尚诚（人力）_南大尚诚（人力）,南大尚诚（人力）,SAL_202604_EMP179,人力劳务,在职,3500.0,3500.0,,
ESNAP_202604_EMP180,SNAPSHOT_202604,PAYROLL_202604,EMP180,PER180,一百六十七,EREL_202604_EMP180,COMP_南大尚诚（人力）,南大尚诚（人力）,AFF_COMP_南大尚诚（人力）_南大尚诚（人力）,南大尚诚（人力）,SAL_202604_EMP180,人力劳务,在职,3500.0,3500.0,,
ESNAP_202604_EMP181,SNAPSHOT_202604,PAYROLL_202604,EMP181,PER181,一百六十八,EREL_202604_EMP181,COMP_NDSC,南大尚诚,,,SAL_202604_EMP181,员工,在职,10000.0,8275.86,,
ESNAP_202604_EMP182,SNAPSHOT_202604,PAYROLL_202604,EMP182,PER182,一百六十九,EREL_202604_EMP182,COMP_SCNY,尚诚能源,,,SAL_202604_EMP182,BOSS,在职,10000.0,8275.86,,
ESNAP_202604_EMP183,SNAPSHOT_202604,PAYROLL_202604,EMP183,PER183,一百七十,EREL_202604_EMP183,COMP_NDSC,南大尚诚,,,SAL_202604_EMP183,员工,在职,10000.0,6436.78,,
ESNAP_202604_EMP184,SNAPSHOT_202604,PAYROLL_202604,EMP184,PER184,一百七十一,EREL_202604_EMP184,COMP_NDSC,南大尚诚,,,SAL_202604_EMP184,员工,在职,10000.0,6436.78,,
ESNAP_202604_EMP185,SNAPSHOT_202604,PAYROLL_202604,EMP185,PER185,一百七十二,EREL_202604_EMP185,COMP_NDSC,南大尚诚,,,SAL_202604_EMP185,员工,在职,10000.0,5517.24,,
ESNAP_202604_EMP186,SNAPSHOT_202604,PAYROLL_202604,EMP186,PER186,一百七十三,EREL_202604_EMP186,COMP_SCNY,尚诚能源,,,SAL_202604_EMP186,员工,在职,10000.0,4137.93,,
ESNAP_202604_EMP187,SNAPSHOT_202604,PAYROLL_202604,EMP187,PER187,一百七十四,EREL_202604_EMP187,COMP_NDSC,南大尚诚,,,SAL_202604_EMP187,员工,在职,10000.0,2758.62,,
ESNAP_202604_EMP188,SNAPSHOT_202604,PAYROLL_202604,EMP188,PER188,一百七十五,EREL_202604_EMP188,COMP_SCNY,尚诚能源,,,SAL_202604_EMP188,BOSS,在职,10000.0,10000.0,,
