tax_ledger_id,employee_id,payroll_run_id,tax_period,tax_entity_company_id,current_income,cumulative_income,cumulative_deductions,cumulative_basic_deduction,cumulative_taxable_income,cumulative_tax_payable,previous_cumulative_tax_withheld,current_tax,source,reconciliation_status,applied_rule_ids,calculation_trace
TAX_202605_EMP001,EMP001,PAYROLL_202604,2026-05,COMP_SCNY,,38500.0,8627.5,25000.0,,,343.5,,historical_input_from_excel,待计算,,
TAX_202605_EMP002,EMP002,PAYROLL_202604,2026-05,COMP_SCNY,,5000.0,0.0,60000.0,,,0.0,,historical_input_from_excel,待计算,,
TAX_202605_EMP003,EMP003,PAYROLL_202604,2026-05,COMP_SCNY,,55000.0,12127.35,25000.0,,,0.0,,historical_input_from_excel,待计算,,
TAX_202605_EMP004,EMP004,PAYROLL_202604,2026-05,COMP_SCNY,,3700.0,0.0,20000.0,,,150.0,,historical_input_from_excel,待计算,,
TAX_202605_EMP005,EMP005,PAYROLL_202604,2026-05,COMP_SCNY,,40000.0,6981.7,25000.0,,,383.0,,historical_input_from_excel,待计算,,
TAX_202605_EMP006,EMP006,PAYROLL_202604,2026-05,COMP_SCNY,,0.0,0.0,25000.0,,,0.0,,historical_input_from_excel,待计算,,
TAX_202605_EMP007,EMP007,PAYROLL_202604,2026-05,COMP_SCNY,,32226.44,6180.35,25000.0,,,222.23,,historical_input_from_excel,待计算,,
TAX_202605_EMP008,EMP008,PAYROLL_202604,2026-05,COMP_SCNY,,0.0,0.0,10000.0,,,0.0,,historical_input_from_excel,待计算,,
TAX_202605_EMP009,EMP009,PAYROLL_202604,2026-05,COMP_SCNY,,75000.0,0.0,25000.0,,,2280.0,,historical_input_from_excel,待计算,,
TAX_202605_EMP010,EMP010,PAYROLL_202604,2026-05,COMP_SCNY,,55000.0,10985.85,25000.0,,,646.9,,historical_input_from_excel,待计算,,
TAX_202605_EMP011,EMP011,PAYROLL_202604,2026-05,COMP_SCNY,,0.0,0.0,15000.0,,,0.0,,historical_input_from_excel,待计算,,
TAX_202605_EMP012,EMP012,PAYROLL_202604,2026-05,COMP_SCNY,,20000.0,3029.8,25000.0,,,0.0,,historical_input_from_excel,待计算,,
TAX_202605_EMP013,EMP013,PAYROLL_202604,2026-05,COMP_SCNY,,100000.0,17746.3,25000.0,,,724.65,,historical_input_from_excel,待计算,,
TAX_202605_EMP015,EMP015,PAYROLL_202604,2026-05,COMP_SCNY,,0.0,0.0,5000.0,,,0.0,,historical_input_from_excel,待计算,,
TAX_202605_EMP016,EMP016,PAYROLL_202604,2026-05,COMP_SCNY,,5000.0,0.0,25000.0,,,0.0,,historical_input_from_excel,待计算,,
TAX_202605_EMP025,EMP025,PAYROLL_202604,2026-05,COMP_SCNY,,0.0,0.0,25000.0,,,0.0,,historical_input_from_excel,待计算,,
TAX_202605_EMP027,EMP027,PAYROLL_202604,2026-05,COMP_SCNY,,93740.0,14945.8,25000.0,,,898.06,,historical_input_from_excel,待计算,,
TAX_202605_EMP028,EMP028,PAYROLL_202604,2026-05,COMP_SCNY,,40000.0,9348.6,25000.0,,,350.19,,historical_input_from_excel,待计算,,
TAX_202605_EMP034,EMP034,PAYROLL_202604,2026-05,COMP_SCNY,,0.0,0.0,10000.0,,,0.0,,historical_input_from_excel,待计算,,
TAX_202605_EMP052,EMP052,PAYROLL_202604,2026-05,COMP_SCNY,,29974.0,8189.9,25000.0,,,0.0,,historical_input_from_excel,待计算,,
TAX_202605_EMP053,EMP053,PAYROLL_202604,2026-05,COMP_SCNY,,5000.0,0.0,60000.0,,,0.0,,historical_input_from_excel,待计算,,
TAX_202605_EMP082,EMP082,PAYROLL_202604,2026-05,COMP_SCNY,,0.0,0.0,60000.0,,,0.0,,historical_input_from_excel,待计算,,
TAX_202605_EMP087,EMP087,PAYROLL_202604,2026-05,COMP_SCNY,,21850.57,4493.9,25000.0,,,21.51,,historical_input_from_excel,待计算,,
TAX_202605_EMP096,EMP096,PAYROLL_202604,2026-05,COMP_SCNY,,70000.0,18162.35,25000.0,,,524.1,,historical_input_from_excel,待计算,,
TAX_202605_EMP098,EMP098,PAYROLL_202604,2026-05,COMP_SCNY,,115000.0,0.0,25000.0,,,5080.0,,historical_input_from_excel,待计算,,
TAX_202605_EMP105,EMP105,PAYROLL_202604,2026-05,COMP_SCNY,,22500.0,7100.0,25000.0,,,9.6,,historical_input_from_excel,待计算,,
TAX_202605_EMP110,EMP110,PAYROLL_202604,2026-05,COMP_SCNY,,3500.0,0.0,25000.0,,,0.0,,historical_input_from_excel,待计算,,
TAX_202605_EMP123,EMP123,PAYROLL_202604,2026-05,COMP_SCNY,,0.0,0.0,25000.0,,,0.0,,historical_input_from_excel,待计算,,
TAX_202605_EMP126,EMP126,PAYROLL_202604,2026-05,COMP_SCNY,,0.0,682.0,5000.0,,,0.0,,historical_input_from_excel,待计算,,
TAX_202605_EMP148,EMP148,PAYROLL_202604,2026-05,COMP_SCNY,,17500.0,5443.15,25000.0,,,0.0,,historical_input_from_excel,待计算,,
TAX_202605_EMP149,EMP149,PAYROLL_202604,2026-05,COMP_SCNY,,20712.64,5070.0,10000.0,,,189.98,,historical_input_from_excel,待计算,,
TAX_202605_EMP166,EMP166,PAYROLL_202604,2026-05,COMP_SCNY,,75000.0,0.0,0.0,,,4280.0,,historical_input_from_excel,待计算,,
TAX_202605_EMP167,EMP167,PAYROLL_202604,2026-05,COMP_SCNY,,0.0,0.0,25000.0,,,0.0,,historical_input_from_excel,待计算,,
TAX_202605_EMP170,EMP170,PAYROLL_202604,2026-05,COMP_SCNY,,4000.0,0.0,25000.0,,,0.0,,historical_input_from_excel,待计算,,
TAX_202605_EMP171,EMP171,PAYROLL_202604,2026-05,COMP_SCNY,,0.0,1505.96,10000.0,,,0.0,,historical_input_from_excel,待计算,,
TAX_202605_EMP182,EMP182,PAYROLL_202604,2026-05,COMP_SCNY,,5000.0,0.0,25000.0,,,0.0,,historical_input_from_excel,待计算,,
TAX_202605_EMP186,EMP186,PAYROLL_202604,2026-05,COMP_SCNY,,45000.0,9372.95,25000.0,,,315.05,,historical_input_from_excel,待计算,,
TAX_202605_EMP014,EMP014,PAYROLL_202604,2026-05,COMP_NDSC,,45000.0,7402.2,25000.0,,,512.71,,historical_input_from_excel,待计算,,
TAX_202605_EMP017,EMP017,PAYROLL_202604,2026-05,COMP_NDSC,,23000.0,7000.0,15000.0,,,156.15,,historical_input_from_excel,待计算,,
TAX_202605_EMP018,EMP018,PAYROLL_202604,2026-05,COMP_NDSC,,71000.0,12679.4,25000.0,,,990.25,,historical_input_from_excel,待计算,,
TAX_202605_EMP019,EMP019,PAYROLL_202604,2026-05,COMP_NDSC,,45000.0,9677.65,25000.0,,,258.3,,historical_input_from_excel,待计算,,
TAX_202605_EMP020,EMP020,PAYROLL_202604,2026-05,COMP_NDSC,,67162.78,12880.0,25000.0,,,765.38,,historical_input_from_excel,待计算,,
TAX_202605_EMP021,EMP021,PAYROLL_202604,2026-05,COMP_NDSC,,18896.55,3029.8,25000.0,,,0.0,,historical_input_from_excel,待计算,,
TAX_202605_EMP022,EMP022,PAYROLL_202604,2026-05,COMP_NDSC,,34275.86,5131.65,25000.0,,,307.4,,historical_input_from_excel,待计算,,
TAX_202605_EMP023,EMP023,PAYROLL_202604,2026-05,COMP_NDSC,,75000.0,15472.15,25000.0,,,1019.23,,historical_input_from_excel,待计算,,
TAX_202605_EMP024,EMP024,PAYROLL_202604,2026-05,COMP_NDSC,,106500.0,23190.05,25000.0,,,1180.0,,historical_input_from_excel,待计算,,
TAX_202605_EMP026,EMP026,PAYROLL_202604,2026-05,COMP_NDSC,,86140.0,18344.95,25000.0,,,1447.6,,historical_input_from_excel,待计算,,
TAX_202605_EMP029,EMP029,PAYROLL_202604,2026-05,COMP_NDSC,,180394.5,31690.05,25000.0,,,7955.56,,historical_input_from_excel,待计算,,
TAX_202605_EMP031,EMP031,PAYROLL_202604,2026-05,COMP_NDSC,,72960.0,15019.15,25000.0,,,819.5,,historical_input_from_excel,待计算,,
TAX_202605_EMP032,EMP032,PAYROLL_202604,2026-05,COMP_NDSC,,52500.0,10152.35,25000.0,,,606.9,,historical_input_from_excel,待计算,,
TAX_202605_EMP033,EMP033,PAYROLL_202604,2026-05,COMP_NDSC,,40000.0,7520.65,25000.0,,,370.06,,historical_input_from_excel,待计算,,
TAX_202605_EMP035,EMP035,PAYROLL_202604,2026-05,COMP_NDSC,,0.0,480.0,5000.0,,,0.0,,historical_input_from_excel,待计算,,
TAX_202605_EMP036,EMP036,PAYROLL_202604,2026-05,COMP_NDSC,,77500.0,13699.75,25000.0,,,1219.22,,historical_input_from_excel,待计算,,
TAX_202605_EMP037,EMP037,PAYROLL_202604,2026-05,COMP_NDSC,,36459.59,9830.0,20000.0,,,343.55,,historical_input_from_excel,待计算,,
TAX_202605_EMP038,EMP038,PAYROLL_202604,2026-05,COMP_NDSC,,77500.0,15130.7,25000.0,,,907.42,,historical_input_from_excel,待计算,,
TAX_202605_EMP039,EMP039,PAYROLL_202604,2026-05,COMP_NDSC,,45000.0,9717.35,25000.0,,,437.34,,historical_input_from_excel,待计算,,
TAX_202605_EMP040,EMP040,PAYROLL_202604,2026-05,COMP_NDSC,,105000.0,22990.05,25000.0,,,1018.8,,historical_input_from_excel,待计算,,
TAX_202605_EMP042,EMP042,PAYROLL_202604,2026-05,COMP_NDSC,,47600.0,10903.85,25000.0,,,528.87,,historical_input_from_excel,待计算,,
TAX_202605_EMP043,EMP043,PAYROLL_202604,2026-05,COMP_NDSC,,27500.0,6005.0,25000.0,,,106.44,,historical_input_from_excel,待计算,,
TAX_202605_EMP044,EMP044,PAYROLL_202604,2026-05,COMP_NDSC,,95000.0,16421.2,25000.0,,,2401.5,,historical_input_from_excel,待计算,,
TAX_202605_EMP045,EMP045,PAYROLL_202604,2026-05,COMP_NDSC,,37679.31,6690.0,20000.0,,,362.98,,historical_input_from_excel,待计算,,
TAX_202605_EMP046,EMP046,PAYROLL_202604,2026-05,COMP_NDSC,,65000.0,10427.05,25000.0,,,420.31,,historical_input_from_excel,待计算,,
TAX_202605_EMP047,EMP047,PAYROLL_202604,2026-05,COMP_NDSC,,0.0,0.0,5000.0,,,0.0,,historical_input_from_excel,待计算,,
TAX_202605_EMP048,EMP048,PAYROLL_202604,2026-05,COMP_NDSC,,100000.0,17621.8,25000.0,,,967.64,,historical_input_from_excel,待计算,,
TAX_202605_EMP049,EMP049,PAYROLL_202604,2026-05,COMP_NDSC,,70000.0,11359.9,25000.0,,,997.92,,historical_input_from_excel,待计算,,
TAX_202605_EMP050,EMP050,PAYROLL_202604,2026-05,COMP_NDSC,,50000.0,8885.25,25000.0,,,577.31,,historical_input_from_excel,待计算,,
TAX_202605_EMP051,EMP051,PAYROLL_202604,2026-05,COMP_NDSC,,38903.23,5433.5,25000.0,,,387.25,,historical_input_from_excel,待计算,,
TAX_202605_EMP054,EMP054,PAYROLL_202604,2026-05,COMP_NDSC,,45000.0,7386.55,25000.0,,,493.28,,historical_input_from_excel,待计算,,
TAX_202605_EMP055,EMP055,PAYROLL_202604,2026-05,COMP_NDSC,,22500.0,3633.95,25000.0,,,43.35,,historical_input_from_excel,待计算,,
TAX_202605_EMP056,EMP056,PAYROLL_202604,2026-05,COMP_NDSC,,80000.0,12750.0,25000.0,,,1095.2,,historical_input_from_excel,待计算,,
TAX_202605_EMP057,EMP057,PAYROLL_202604,2026-05,COMP_NDSC,,55780.0,10529.15,25000.0,,,501.26,,historical_input_from_excel,待计算,,
TAX_202605_EMP058,EMP058,PAYROLL_202604,2026-05,COMP_NDSC,,45660.0,7114.5,25000.0,,,339.61,,historical_input_from_excel,待计算,,
TAX_202605_EMP060,EMP060,PAYROLL_202604,2026-05,COMP_NDSC,,45000.0,6718.65,25000.0,,,509.31,,historical_input_from_excel,待计算,,
TAX_202605_EMP061,EMP061,PAYROLL_202604,2026-05,COMP_NDSC,,42500.0,9481.25,25000.0,,,203.01,,historical_input_from_excel,待计算,,
TAX_202605_EMP062,EMP062,PAYROLL_202604,2026-05,COMP_NDSC,,95000.0,19572.65,25000.0,,,2149.39,,historical_input_from_excel,待计算,,
TAX_202605_EMP063,EMP063,PAYROLL_202604,2026-05,COMP_NDSC,,106500.0,23190.05,25000.0,,,1580.0,,historical_input_from_excel,待计算,,
TAX_202605_EMP064,EMP064,PAYROLL_202604,2026-05,COMP_NDSC,,60000.0,10023.45,25000.0,,,395.0,,historical_input_from_excel,待计算,,
TAX_202605_EMP065,EMP065,PAYROLL_202604,2026-05,COMP_NDSC,,60840.0,13192.35,25000.0,,,259.14,,historical_input_from_excel,待计算,,
TAX_202605_EMP066,EMP066,PAYROLL_202604,2026-05,COMP_NDSC,,20000.0,5670.67,10000.0,,,145.39,,historical_input_from_excel,待计算,,
TAX_202605_EMP067,EMP067,PAYROLL_202604,2026-05,COMP_NDSC,,57500.0,9227.5,25000.0,,,749.1,,historical_input_from_excel,待计算,,
TAX_202605_EMP068,EMP068,PAYROLL_202604,2026-05,COMP_NDSC,,77500.0,17197.35,25000.0,,,857.82,,historical_input_from_excel,待计算,,
TAX_202605_EMP069,EMP069,PAYROLL_202604,2026-05,COMP_NDSC,,9954.02,312.0,10000.0,,,77.04,,historical_input_from_excel,待计算,,
TAX_202605_EMP070,EMP070,PAYROLL_202604,2026-05,COMP_NDSC,,25020.0,6315.1,10000.0,,,192.5,,historical_input_from_excel,待计算,,
TAX_202605_EMP071,EMP071,PAYROLL_202604,2026-05,COMP_NDSC,,49280.0,11309.95,25000.0,,,227.52,,historical_input_from_excel,待计算,,
TAX_202605_EMP072,EMP072,PAYROLL_202604,2026-05,COMP_NDSC,,6101.16,816.0,10000.0,,,0.0,,historical_input_from_excel,待计算,,
TAX_202605_EMP073,EMP073,PAYROLL_202604,2026-05,COMP_NDSC,,28400.0,4636.0,15000.0,,,346.14,,historical_input_from_excel,待计算,,
TAX_202605_EMP074,EMP074,PAYROLL_202604,2026-05,COMP_NDSC,,100000.0,19438.95,25000.0,,,2560.08,,historical_input_from_excel,待计算,,
TAX_202605_EMP075,EMP075,PAYROLL_202604,2026-05,COMP_NDSC,,34000.0,5930.2,25000.0,,,264.24,,historical_input_from_excel,待计算,,
TAX_202605_EMP076,EMP076,PAYROLL_202604,2026-05,COMP_NDSC,,3747.13,1246.0,10000.0,,,0.0,,historical_input_from_excel,待计算,,
TAX_202605_EMP077,EMP077,PAYROLL_202604,2026-05,COMP_NDSC,,70960.0,18352.5,25000.0,,,858.9,,historical_input_from_excel,待计算,,
TAX_202605_EMP078,EMP078,PAYROLL_202604,2026-05,COMP_NDSC,,0.0,0.0,5000.0,,,0.0,,historical_input_from_excel,待计算,,
TAX_202605_EMP079,EMP079,PAYROLL_202604,2026-05,COMP_NDSC,,52500.0,10643.55,25000.0,,,595.11,,historical_input_from_excel,待计算,,
TAX_202605_EMP080,EMP080,PAYROLL_202604,2026-05,COMP_NDSC,,55000.0,7978.55,25000.0,,,719.07,,historical_input_from_excel,待计算,,
TAX_202605_EMP081,EMP081,PAYROLL_202604,2026-05,COMP_NDSC,,38864.0,6788.0,25000.0,,,274.74,,historical_input_from_excel,待计算,,
TAX_202605_EMP083,EMP083,PAYROLL_202604,2026-05,COMP_NDSC,,62500.0,12717.95,25000.0,,,785.33,,historical_input_from_excel,待计算,,
TAX_202605_EMP084,EMP084,PAYROLL_202604,2026-05,COMP_NDSC,,100000.0,23140.2,25000.0,,,2263.98,,historical_input_from_excel,待计算,,
TAX_202605_EMP085,EMP085,PAYROLL_202604,2026-05,COMP_NDSC,,77500.0,17042.8,25000.0,,,1041.53,,historical_input_from_excel,待计算,,
TAX_202605_EMP086,EMP086,PAYROLL_202604,2026-05,COMP_NDSC,,65900.0,14543.3,25000.0,,,801.52,,historical_input_from_excel,待计算,,
TAX_202605_EMP088,EMP088,PAYROLL_202604,2026-05,COMP_NDSC,,35000.0,10280.0,15000.0,,,322.35,,historical_input_from_excel,待计算,,
TAX_202605_EMP089,EMP089,PAYROLL_202604,2026-05,COMP_NDSC,,65000.0,11056.0,25000.0,,,705.22,,historical_input_from_excel,待计算,,
TAX_202605_EMP090,EMP090,PAYROLL_202604,2026-05,COMP_NDSC,,74480.0,15393.25,25000.0,,,990.82,,historical_input_from_excel,待计算,,
TAX_202605_EMP091,EMP091,PAYROLL_202604,2026-05,COMP_NDSC,,76020.0,16436.45,25000.0,,,1026.69,,historical_input_from_excel,待计算,,
TAX_202605_EMP092,EMP092,PAYROLL_202604,2026-05,COMP_NDSC,,72500.0,11671.2,25000.0,,,1050.45,,historical_input_from_excel,待计算,,
TAX_202605_EMP093,EMP093,PAYROLL_202604,2026-05,COMP_NDSC,,50720.0,9823.95,25000.0,,,396.39,,historical_input_from_excel,待计算,,
TAX_202605_EMP094,EMP094,PAYROLL_202604,2026-05,COMP_NDSC,,55780.0,8947.7,25000.0,,,719.22,,historical_input_from_excel,待计算,,
TAX_202605_EMP095,EMP095,PAYROLL_202604,2026-05,COMP_NDSC,,65000.0,12143.15,25000.0,,,859.12,,historical_input_from_excel,待计算,,
TAX_202605_EMP097,EMP097,PAYROLL_202604,2026-05,COMP_NDSC,,60000.0,10703.75,25000.0,,,353.67,,historical_input_from_excel,待计算,,
TAX_202605_EMP099,EMP099,PAYROLL_202604,2026-05,COMP_NDSC,,44340.0,7110.8,25000.0,,,499.9,,historical_input_from_excel,待计算,,
TAX_202605_EMP100,EMP100,PAYROLL_202604,2026-05,COMP_NDSC,,69442.0,13685.05,25000.0,,,906.12,,historical_input_from_excel,待计算,,
TAX_202605_EMP101,EMP101,PAYROLL_202604,2026-05,COMP_NDSC,,17500.0,3029.8,25000.0,,,0.0,,historical_input_from_excel,待计算,,
TAX_202605_EMP103,EMP103,PAYROLL_202604,2026-05,COMP_NDSC,,14000.0,4540.0,15000.0,,,31.5,,historical_input_from_excel,待计算,,
TAX_202605_EMP104,EMP104,PAYROLL_202604,2026-05,COMP_NDSC,,0.0,0.0,10000.0,,,0.0,,historical_input_from_excel,待计算,,
TAX_202605_EMP106,EMP106,PAYROLL_202604,2026-05,COMP_NDSC,,50000.0,10537.3,25000.0,,,537.66,,historical_input_from_excel,待计算,,
TAX_202605_EMP107,EMP107,PAYROLL_202604,2026-05,COMP_NDSC,,60000.0,9470.0,25000.0,,,803.28,,historical_input_from_excel,待计算,,
TAX_202605_EMP108,EMP108,PAYROLL_202604,2026-05,COMP_NDSC,,76436.78,8490.0,25000.0,,,2425.0,,historical_input_from_excel,待计算,,
TAX_202605_EMP109,EMP109,PAYROLL_202604,2026-05,COMP_NDSC,,50000.0,10731.45,25000.0,,,533.01,,historical_input_from_excel,待计算,,
TAX_202605_EMP111,EMP111,PAYROLL_202604,2026-05,COMP_NDSC,,70000.0,13260.45,25000.0,,,952.31,,historical_input_from_excel,待计算,,
TAX_202605_EMP112,EMP112,PAYROLL_202604,2026-05,COMP_NDSC,,40600.0,6465.1,25000.0,,,413.4,,historical_input_from_excel,待计算,,
TAX_202605_EMP113,EMP113,PAYROLL_202604,2026-05,COMP_NDSC,,22500.0,3593.0,25000.0,,,44.33,,historical_input_from_excel,待计算,,
TAX_202605_EMP114,EMP114,PAYROLL_202604,2026-05,COMP_NDSC,,70000.0,12772.7,25000.0,,,964.02,,historical_input_from_excel,待计算,,
TAX_202605_EMP115,EMP115,PAYROLL_202604,2026-05,COMP_NDSC,,72500.0,15726.1,25000.0,,,953.13,,historical_input_from_excel,待计算,,
TAX_202605_EMP116,EMP116,PAYROLL_202604,2026-05,COMP_NDSC,,40000.0,7331.9,25000.0,,,374.59,,historical_input_from_excel,待计算,,
TAX_202605_EMP117,EMP117,PAYROLL_202604,2026-05,COMP_NDSC,,35000.0,5234.05,25000.0,,,304.94,,historical_input_from_excel,待计算,,
TAX_202605_EMP118,EMP118,PAYROLL_202604,2026-05,COMP_NDSC,,70000.0,11959.45,25000.0,,,983.53,,historical_input_from_excel,待计算,,
TAX_202605_EMP119,EMP119,PAYROLL_202604,2026-05,COMP_NDSC,,0.0,0.0,5000.0,,,0.0,,historical_input_from_excel,待计算,,
TAX_202605_EMP120,EMP120,PAYROLL_202604,2026-05,COMP_NDSC,,45000.0,7010.0,25000.0,,,502.32,,historical_input_from_excel,待计算,,
TAX_202605_EMP121,EMP121,PAYROLL_202604,2026-05,COMP_NDSC,,26000.0,7820.0,15000.0,,,197.7,,historical_input_from_excel,待计算,,
TAX_202605_EMP122,EMP122,PAYROLL_202604,2026-05,COMP_NDSC,,32500.0,6072.25,25000.0,,,224.83,,historical_input_from_excel,待计算,,
TAX_202605_EMP124,EMP124,PAYROLL_202604,2026-05,COMP_NDSC,,90000.0,18490.0,25000.0,,,1836.0,,historical_input_from_excel,待计算,,
TAX_202605_EMP125,EMP125,PAYROLL_202604,2026-05,COMP_NDSC,,3793.1,0.0,10000.0,,,0.0,,historical_input_from_excel,待计算,,
TAX_202605_EMP127,EMP127,PAYROLL_202604,2026-05,COMP_NDSC,,40000.0,9092.35,25000.0,,,332.34,,historical_input_from_excel,待计算,,
TAX_202605_EMP128,EMP128,PAYROLL_202604,2026-05,COMP_NDSC,,22500.0,4455.6,25000.0,,,23.63,,historical_input_from_excel,待计算,,
TAX_202605_EMP129,EMP129,PAYROLL_202604,2026-05,COMP_NDSC,,1402.3,0.0,10000.0,,,0.0,,historical_input_from_excel,待计算,,
TAX_202605_EMP130,EMP130,PAYROLL_202604,2026-05,COMP_NDSC,,61500.0,12908.7,25000.0,,,756.75,,historical_input_from_excel,待计算,,
TAX_202605_EMP131,EMP131,PAYROLL_202604,2026-05,COMP_NDSC,,70000.0,11976.8,25000.0,,,983.12,,historical_input_from_excel,待计算,,
TAX_202605_EMP132,EMP132,PAYROLL_202604,2026-05,COMP_NDSC,,95000.0,20743.95,25000.0,,,2055.68,,historical_input_from_excel,待计算,,
TAX_202605_EMP133,EMP133,PAYROLL_202604,2026-05,COMP_NDSC,,110000.0,23190.05,25000.0,,,3060.0,,historical_input_from_excel,待计算,,
TAX_202605_EMP134,EMP134,PAYROLL_202604,2026-05,COMP_NDSC,,50000.0,8864.25,25000.0,,,397.82,,historical_input_from_excel,待计算,,
TAX_202605_EMP135,EMP135,PAYROLL_202604,2026-05,COMP_NDSC,,30000.0,6104.85,25000.0,,,164.04,,historical_input_from_excel,待计算,,
TAX_202605_EMP136,EMP136,PAYROLL_202604,2026-05,COMP_NDSC,,76020.0,14767.7,25000.0,,,1036.14,,historical_input_from_excel,待计算,,
TAX_202605_EMP137,EMP137,PAYROLL_202604,2026-05,COMP_NDSC,,95000.0,21827.5,25000.0,,,1969.0,,historical_input_from_excel,待计算,,
TAX_202605_EMP138,EMP138,PAYROLL_202604,2026-05,COMP_NDSC,,17500.0,3029.8,25000.0,,,0.0,,historical_input_from_excel,待计算,,
TAX_202605_EMP139,EMP139,PAYROLL_202604,2026-05,COMP_NDSC,,44361.29,6603.15,25000.0,,,72.92,,historical_input_from_excel,待计算,,
TAX_202605_EMP140,EMP140,PAYROLL_202604,2026-05,COMP_NDSC,,65000.0,13911.45,25000.0,,,636.69,,historical_input_from_excel,待计算,,
TAX_202605_EMP141,EMP141,PAYROLL_202604,2026-05,COMP_NDSC,,58851.61,9880.0,25000.0,,,137.27,,historical_input_from_excel,待计算,,
TAX_202605_EMP142,EMP142,PAYROLL_202604,2026-05,COMP_NDSC,,0.0,0.0,5000.0,,,0.0,,historical_input_from_excel,待计算,,
TAX_202605_EMP143,EMP143,PAYROLL_202604,2026-05,COMP_NDSC,,55000.0,8837.45,25000.0,,,698.46,,historical_input_from_excel,待计算,,
TAX_202605_EMP144,EMP144,PAYROLL_202604,2026-05,COMP_NDSC,,34000.0,6564.2,25000.0,,,69.02,,historical_input_from_excel,待计算,,
TAX_202605_EMP145,EMP145,PAYROLL_202604,2026-05,COMP_NDSC,,57500.0,12284.1,25000.0,,,675.74,,historical_input_from_excel,待计算,,
TAX_202605_EMP146,EMP146,PAYROLL_202604,2026-05,COMP_NDSC,,14000.0,4540.0,15000.0,,,31.5,,historical_input_from_excel,待计算,,
TAX_202605_EMP147,EMP147,PAYROLL_202604,2026-05,COMP_NDSC,,32500.0,5347.45,25000.0,,,62.22,,historical_input_from_excel,待计算,,
TAX_202605_EMP150,EMP150,PAYROLL_202604,2026-05,COMP_NDSC,,0.0,0.0,5000.0,,,0.0,,historical_input_from_excel,待计算,,
TAX_202605_EMP151,EMP151,PAYROLL_202604,2026-05,COMP_NDSC,,48560.0,12499.82,25000.0,,,439.22,,historical_input_from_excel,待计算,,
TAX_202605_EMP152,EMP152,PAYROLL_202604,2026-05,COMP_NDSC,,72500.0,15527.35,25000.0,,,957.9,,historical_input_from_excel,待计算,,
TAX_202605_EMP153,EMP153,PAYROLL_202604,2026-05,COMP_NDSC,,2800.0,648.0,5000.0,,,0.0,,historical_input_from_excel,待计算,,
TAX_202605_EMP154,EMP154,PAYROLL_202604,2026-05,COMP_NDSC,,60000.0,12972.05,25000.0,,,719.23,,historical_input_from_excel,待计算,,
TAX_202605_EMP155,EMP155,PAYROLL_202604,2026-05,COMP_NDSC,,65000.0,13596.45,25000.0,,,524.25,,historical_input_from_excel,待计算,,
TAX_202605_EMP156,EMP156,PAYROLL_202604,2026-05,COMP_NDSC,,7687.54,3282.0,10000.0,,,0.0,,historical_input_from_excel,待计算,,
TAX_202605_EMP157,EMP157,PAYROLL_202604,2026-05,COMP_NDSC,,0.0,0.0,5000.0,,,0.0,,historical_input_from_excel,待计算,,
TAX_202605_EMP158,EMP158,PAYROLL_202604,2026-05,COMP_NDSC,,1000.0,152.76,25000.0,,,0.0,,historical_input_from_excel,待计算,,
TAX_202605_EMP159,EMP159,PAYROLL_202604,2026-05,COMP_NDSC,,17500.0,3029.8,25000.0,,,0.0,,historical_input_from_excel,待计算,,
TAX_202605_EMP160,EMP160,PAYROLL_202604,2026-05,COMP_NDSC,,83146.44,18314.81,25000.0,,,1276.28,,historical_input_from_excel,待计算,,
TAX_202605_EMP161,EMP161,PAYROLL_202604,2026-05,COMP_NDSC,,26000.0,7820.0,15000.0,,,197.7,,historical_input_from_excel,待计算,,
TAX_202605_EMP162,EMP162,PAYROLL_202604,2026-05,COMP_NDSC,,50000.0,8445.85,25000.0,,,587.86,,historical_input_from_excel,待计算,,
TAX_202605_EMP163,EMP163,PAYROLL_202604,2026-05,COMP_NDSC,,23000.0,7000.0,15000.0,,,44.1,,historical_input_from_excel,待计算,,
TAX_202605_EMP164,EMP164,PAYROLL_202604,2026-05,COMP_NDSC,,37500.0,7821.1,25000.0,,,146.85,,historical_input_from_excel,待计算,,
TAX_202605_EMP165,EMP165,PAYROLL_202604,2026-05,COMP_NDSC,,26000.0,8820.0,15000.0,,,197.7,,historical_input_from_excel,待计算,,
TAX_202605_EMP168,EMP168,PAYROLL_202604,2026-05,COMP_NDSC,,14000.0,5540.0,15000.0,,,31.5,,historical_input_from_excel,待计算,,
TAX_202605_EMP169,EMP169,PAYROLL_202604,2026-05,COMP_NDSC,,0.0,976.0,5000.0,,,0.0,,historical_input_from_excel,待计算,,
TAX_202605_EMP172,EMP172,PAYROLL_202604,2026-05,COMP_NDSC,,60000.0,13052.7,25000.0,,,621.3,,historical_input_from_excel,待计算,,
TAX_202605_EMP173,EMP173,PAYROLL_202604,2026-05,COMP_NDSC,,50720.0,11299.85,25000.0,,,564.96,,historical_input_from_excel,待计算,,
TAX_202605_EMP174,EMP174,PAYROLL_202604,2026-05,COMP_NDSC,,26000.0,8210.93,10000.0,,,204.58,,historical_input_from_excel,待计算,,
TAX_202605_EMP175,EMP175,PAYROLL_202604,2026-05,COMP_NDSC,,52500.0,11349.4,25000.0,,,602.17,,historical_input_from_excel,待计算,,
TAX_202605_EMP176,EMP176,PAYROLL_202604,2026-05,COMP_NDSC,,65000.0,12153.65,25000.0,,,702.87,,historical_input_from_excel,待计算,,
TAX_202605_EMP177,EMP177,PAYROLL_202604,2026-05,COMP_NDSC,,60603.45,8943.96,25000.0,,,719.88,,historical_input_from_excel,待计算,,
TAX_202605_EMP181,EMP181,PAYROLL_202604,2026-05,COMP_NDSC,,78550.0,18013.3,25000.0,,,802.24,,historical_input_from_excel,待计算,,
TAX_202605_EMP183,EMP183,PAYROLL_202604,2026-05,COMP_NDSC,,45000.0,7178.4,25000.0,,,402.28,,historical_input_from_excel,待计算,,
TAX_202605_EMP184,EMP184,PAYROLL_202604,2026-05,COMP_NDSC,,122500.0,24190.05,25000.0,,,2460.0,,historical_input_from_excel,待计算,,
TAX_202605_EMP185,EMP185,PAYROLL_202604,2026-05,COMP_NDSC,,45500.0,14150.0,15000.0,,,467.78,,historical_input_from_excel,待计算,,
TAX_202605_EMP187,EMP187,PAYROLL_202604,2026-05,COMP_NDSC,,20000.0,4136.4,25000.0,,,0.0,,historical_input_from_excel,待计算,,
TAX_202605_EMP030,EMP030,PAYROLL_202604,2026-05,COMP_JS,,74000.0,22006.35,20000.0,,,857.61,,historical_input_from_excel,待计算,,
TAX_202605_EMP041,EMP041,PAYROLL_202604,2026-05,COMP_JS,,74000.0,21338.75,20000.0,,,196.82,,historical_input_from_excel,待计算,,
TAX_202605_EMP059,EMP059,PAYROLL_202604,2026-05,COMP_JS,,30000.0,7058.3,20000.0,,,46.36,,historical_input_from_excel,待计算,,
TAX_202605_EMP102,EMP102,PAYROLL_202604,2026-05,COMP_JS,,78000.0,25117.7,20000.0,,,872.94,,historical_input_from_excel,待计算,,
